-- MySQL dump 10.13  Distrib 8.0.25, for Linux (x86_64)
--
-- Host: localhost    Database: crm
-- ------------------------------------------------------
-- Server version	8.0.25-0ubuntu0.20.04.1

/*!40101 SET @OLD_CHARACTER_SET_CLIENT=@@CHARACTER_SET_CLIENT */;
/*!40101 SET @OLD_CHARACTER_SET_RESULTS=@@CHARACTER_SET_RESULTS */;
/*!40101 SET @OLD_COLLATION_CONNECTION=@@COLLATION_CONNECTION */;
/*!50503 SET NAMES utf8mb4 */;
/*!40103 SET @OLD_TIME_ZONE=@@TIME_ZONE */;
/*!40103 SET TIME_ZONE='+00:00' */;
/*!40014 SET @OLD_UNIQUE_CHECKS=@@UNIQUE_CHECKS, UNIQUE_CHECKS=0 */;
/*!40014 SET @OLD_FOREIGN_KEY_CHECKS=@@FOREIGN_KEY_CHECKS, FOREIGN_KEY_CHECKS=0 */;
/*!40101 SET @OLD_SQL_MODE=@@SQL_MODE, SQL_MODE='NO_AUTO_VALUE_ON_ZERO' */;
/*!40111 SET @OLD_SQL_NOTES=@@SQL_NOTES, SQL_NOTES=0 */;

--
-- Table structure for table `business_types`
--

DROP TABLE IF EXISTS `business_types`;
/*!40101 SET @saved_cs_client     = @@character_set_client */;
/*!50503 SET character_set_client = utf8mb4 */;
CREATE TABLE `business_types` (
  `id` int unsigned NOT NULL AUTO_INCREMENT COMMENT 'Идентификатор вида деятельности',
  `name` varchar(255) CHARACTER SET utf8mb4 COLLATE utf8mb4_unicode_ci NOT NULL COMMENT 'Название вида',
  `created_at` datetime DEFAULT CURRENT_TIMESTAMP COMMENT 'Время создания строки',
  `updated_at` datetime DEFAULT CURRENT_TIMESTAMP ON UPDATE CURRENT_TIMESTAMP COMMENT 'Время обновления строки',
  PRIMARY KEY (`id`),
  UNIQUE KEY `name` (`name`)
) ENGINE=InnoDB AUTO_INCREMENT=5 DEFAULT CHARSET=utf8mb4 COLLATE=utf8mb4_unicode_ci COMMENT='Виды деятельности';
/*!40101 SET character_set_client = @saved_cs_client */;

--
-- Dumping data for table `business_types`
--

LOCK TABLES `business_types` WRITE;
/*!40000 ALTER TABLE `business_types` DISABLE KEYS */;
INSERT INTO `business_types` VALUES (1,' производители','2015-05-28 09:51:30','2021-05-26 10:30:47'),(2,' торговля розница','2015-11-27 12:26:46','2016-12-20 12:40:14'),(3,'торговля опт','2020-11-15 13:25:57','2021-05-26 10:30:47'),(4,' строители','2015-09-04 08:46:44','2015-12-30 03:51:04');
/*!40000 ALTER TABLE `business_types` ENABLE KEYS */;
UNLOCK TABLES;

--
-- Table structure for table `cities`
--

DROP TABLE IF EXISTS `cities`;
/*!40101 SET @saved_cs_client     = @@character_set_client */;
/*!50503 SET character_set_client = utf8mb4 */;
CREATE TABLE `cities` (
  `id` int unsigned NOT NULL AUTO_INCREMENT,
  `name` varchar(150) CHARACTER SET utf8mb4 COLLATE utf8mb4_unicode_ci NOT NULL,
  `country_id` int unsigned DEFAULT NULL,
  PRIMARY KEY (`id`),
  KEY `cities_country_id_fk` (`country_id`),
  CONSTRAINT `cities_country_id_fk` FOREIGN KEY (`country_id`) REFERENCES `countries` (`id`)
) ENGINE=InnoDB AUTO_INCREMENT=101 DEFAULT CHARSET=utf8mb4 COLLATE=utf8mb4_unicode_ci;
/*!40101 SET character_set_client = @saved_cs_client */;

--
-- Dumping data for table `cities`
--

LOCK TABLES `cities` WRITE;
/*!40000 ALTER TABLE `cities` DISABLE KEYS */;
INSERT INTO `cities` VALUES (1,'D\'Amoreton',52),(2,'Willashire',26),(3,'Wildermanmouth',71),(4,'West Nataliashire',80),(5,'West Ryanntown',86),(6,'Rohanmouth',88),(7,'New Bustermouth',83),(8,'Port Mervin',52),(9,'Ariannaside',8),(10,'New Adelle',86),(11,'Gislasonstad',5),(12,'Zboncakfort',67),(13,'Port Aurelio',19),(14,'East Stacy',95),(15,'Billland',18),(16,'New Ellen',3),(17,'New Rosina',61),(18,'Carrollfort',97),(19,'Port Clement',98),(20,'Alfredaville',1),(21,'Rafaelburgh',10),(22,'West Jadynside',48),(23,'Beahanborough',10),(24,'Corkeryville',5),(25,'Spencerstad',95),(26,'West Mabel',60),(27,'Marcelinaburgh',14),(28,'New Benjamin',90),(29,'Gradyburgh',7),(30,'New Jakeburgh',65),(31,'Yostland',3),(32,'Karlmouth',19),(33,'North Dianashire',85),(34,'Mosemouth',68),(35,'North Laurelside',84),(36,'Jordihaven',17),(37,'Lake Dorothea',31),(38,'West Norwoodstad',6),(39,'South Rasheedfort',33),(40,'East Rachael',48),(41,'North Furman',41),(42,'Yundtshire',58),(43,'Port Charleyshire',70),(44,'Ritchieborough',73),(45,'North Sylvan',56),(46,'Armandofort',60),(47,'Deonteburgh',30),(48,'West Flossie',69),(49,'Port Toniton',54),(50,'Chandlerchester',65),(51,'East Ole',62),(52,'Port Woodrowside',14),(53,'Beahanmouth',85),(54,'Helmerville',83),(55,'Grahamstad',57),(56,'South Payton',36),(57,'South Zachary',8),(58,'Paucekbury',34),(59,'South Olamouth',45),(60,'East Dessie',22),(61,'Port Rollin',76),(62,'East Murielfurt',11),(63,'Sabrynaside',26),(64,'Lake Rosaleehaven',97),(65,'Wallacechester',7),(66,'Priceland',43),(67,'Lake Sabrina',95),(68,'Alainaville',47),(69,'East Adamouth',47),(70,'West Izaiahville',93),(71,'New Dollybury',24),(72,'Port Lula',39),(73,'Stantonborough',24),(74,'Leannonborough',2),(75,'Port Fermin',37),(76,'Krajcikfurt',79),(77,'East Melvin',85),(78,'Alexandriahaven',87),(79,'North Kattiestad',78),(80,'South Zellamouth',28),(81,'Port Hilario',5),(82,'Dickiberg',41),(83,'West Aditya',89),(84,'Monserratmouth',22),(85,'Bergstromhaven',43),(86,'South Princesstown',50),(87,'East Dee',20),(88,'East Palmaland',49),(89,'Lake Garrett',84),(90,'Clementinehaven',74),(91,'New Arlo',17),(92,'Corkerymouth',62),(93,'Howeberg',60),(94,'North Raphaellefurt',11),(95,'East Karinefurt',77),(96,'Marquesshire',49),(97,'Adrianaborough',15),(98,'Hermistonfurt',25),(99,'Ankundingport',83),(100,'Lake Amirashire',39);
/*!40000 ALTER TABLE `cities` ENABLE KEYS */;
UNLOCK TABLES;

--
-- Table structure for table `companies`
--

DROP TABLE IF EXISTS `companies`;
/*!40101 SET @saved_cs_client     = @@character_set_client */;
/*!50503 SET character_set_client = utf8mb4 */;
CREATE TABLE `companies` (
  `id` int unsigned NOT NULL AUTO_INCREMENT COMMENT 'Идентификатор компании',
  `name` varchar(100) CHARACTER SET utf8mb4 COLLATE utf8mb4_unicode_ci NOT NULL COMMENT 'Название компании',
  `business_type_id` int unsigned DEFAULT NULL COMMENT 'Ссылка на таблицу видов бизнеса',
  `city_id` int unsigned DEFAULT NULL COMMENT 'Ссылка на город местонахождения',
  `created_at` datetime DEFAULT CURRENT_TIMESTAMP COMMENT 'Время создания строки',
  `updated_at` datetime DEFAULT CURRENT_TIMESTAMP ON UPDATE CURRENT_TIMESTAMP COMMENT 'Время обновления строки',
  PRIMARY KEY (`id`),
  KEY `companies_city_id_fk` (`city_id`),
  KEY `companies_business_type_id_fk` (`business_type_id`),
  CONSTRAINT `companies_business_type_id_fk` FOREIGN KEY (`business_type_id`) REFERENCES `business_types` (`id`),
  CONSTRAINT `companies_city_id_fk` FOREIGN KEY (`city_id`) REFERENCES `cities` (`id`)
) ENGINE=InnoDB AUTO_INCREMENT=101 DEFAULT CHARSET=utf8mb4 COLLATE=utf8mb4_unicode_ci COMMENT='Компании';
/*!40101 SET character_set_client = @saved_cs_client */;

--
-- Dumping data for table `companies`
--

LOCK TABLES `companies` WRITE;
/*!40000 ALTER TABLE `companies` DISABLE KEYS */;
INSERT INTO `companies` VALUES (1,'My company',1,31,'2016-04-10 08:38:45','2021-05-27 09:20:18'),(2,'Block-Bosco',4,43,'2018-09-27 21:50:05','2021-05-26 12:17:46'),(3,'Baumbach-Schaden',2,21,'2011-11-12 02:31:45','2021-05-26 12:17:46'),(4,'Pfannerstill Inc',4,76,'2013-09-19 01:23:56','2021-05-26 12:17:46'),(5,'Zboncak LLC',1,16,'2013-11-12 00:23:46','2021-05-26 12:17:46'),(6,'Kohler PLC',2,54,'2012-03-08 08:14:50','2021-05-26 12:17:46'),(7,'Stanton-Larkin',4,20,'2014-06-22 03:44:15','2021-05-26 12:17:46'),(8,'Weimann, Sauer and Reilly',4,39,'2011-07-03 20:12:15','2021-05-26 12:17:46'),(9,'Kub PLC',4,34,'2017-08-03 11:21:07','2021-05-26 12:17:46'),(10,'Thompson-Stark',3,52,'2017-04-21 14:15:53','2021-05-26 12:17:46'),(11,'Kuhlman, Legros and Ritchie',4,57,'2017-09-07 07:19:18','2021-05-26 12:17:46'),(12,'Connelly Inc',2,27,'2017-07-28 21:21:36','2021-05-26 12:17:46'),(13,'Wisozk-Kling',2,66,'2016-03-08 08:14:31','2021-05-26 12:17:46'),(14,'Krajcik, Witting and Hudson',1,47,'2017-04-08 13:16:18','2021-05-26 12:17:46'),(15,'Heidenreich and Sons',4,38,'2020-05-08 00:26:13','2021-05-26 12:17:46'),(16,'Larkin-Bernhard',3,48,'2021-03-01 18:09:26','2021-05-26 12:17:46'),(17,'Fritsch, Runolfsdottir and Lemke',1,25,'2017-02-07 23:12:34','2021-05-26 12:17:46'),(18,'Moen-Yundt',4,79,'2019-03-25 02:00:39','2021-05-26 12:17:46'),(19,'Dooley, Berge and Adams',2,20,'2013-08-21 14:17:20','2021-05-26 12:17:46'),(20,'Cole, Jaskolski and Parker',2,64,'2012-12-25 22:24:02','2021-05-26 12:17:46'),(21,'Ferry LLC',2,57,'2012-02-23 16:18:24','2021-05-26 12:17:46'),(22,'Reynolds LLC',1,92,'2019-05-23 12:42:28','2021-05-26 12:17:46'),(23,'Frami, Legros and Lowe',4,91,'2017-12-31 03:25:09','2021-05-26 12:17:46'),(24,'Brown, Feil and Kshlerin',2,77,'2011-12-19 12:59:37','2021-05-26 12:17:46'),(25,'Borer and Sons',2,13,'2012-04-07 05:45:30','2021-05-26 12:17:46'),(26,'Pollich Group',1,33,'2019-03-28 18:55:15','2021-05-26 12:17:46'),(27,'Littel PLC',4,27,'2016-12-23 23:24:24','2021-05-26 12:17:46'),(28,'Altenwerth, Bartoletti and Beer',4,33,'2021-01-02 10:17:56','2021-05-26 12:17:46'),(29,'Yost, Armstrong and Hudson',3,85,'2017-08-28 19:06:19','2021-05-26 12:17:46'),(30,'Sporer LLC',4,23,'2017-07-29 06:34:52','2021-05-26 12:17:46'),(31,'Lueilwitz Group',3,62,'2015-03-24 23:56:25','2021-05-26 12:17:46'),(32,'Franecki-Christiansen',3,40,'2020-02-03 11:58:53','2021-05-26 12:17:46'),(33,'Macejkovic-Schaden',1,11,'2013-11-04 07:59:30','2021-05-26 12:17:46'),(34,'Effertz-Gaylord',1,38,'2017-05-23 05:54:42','2021-05-26 12:17:46'),(35,'Kohler-Okuneva',3,54,'2014-01-12 19:32:24','2021-05-26 12:17:46'),(36,'Cole, Stoltenberg and Thiel',3,58,'2014-06-27 02:30:51','2021-05-26 12:17:46'),(37,'Barton, Ward and Dach',1,28,'2018-08-30 00:50:27','2021-05-26 12:17:46'),(38,'Champlin Inc',1,65,'2017-01-31 14:42:44','2021-05-26 12:17:46'),(39,'Corkery-Herman',2,40,'2014-04-13 12:59:23','2021-05-26 12:17:46'),(40,'Krajcik-Kunze',1,5,'2012-12-21 08:28:31','2021-05-26 12:17:46'),(41,'Mitchell LLC',2,6,'2014-02-08 11:33:18','2021-05-26 12:17:46'),(42,'Emard, Predovic and Hilpert',2,14,'2020-05-09 22:24:14','2021-05-26 12:17:46'),(43,'Purdy-Hirthe',4,53,'2017-01-05 02:53:20','2021-05-26 12:17:46'),(44,'Klocko, Breitenberg and Nolan',1,21,'2018-07-19 02:15:50','2021-05-26 12:17:46'),(45,'Lind, Schoen and Rolfson',1,47,'2020-07-21 13:29:52','2021-05-26 12:17:46'),(46,'Lynch, Carroll and Schulist',1,69,'2014-09-02 00:03:12','2021-05-26 12:17:46'),(47,'VonRueden-Dare',1,6,'2014-04-28 14:56:42','2021-05-26 12:17:46'),(48,'Jacobs, O\'Hara and Bauch',4,23,'2014-07-16 01:27:54','2021-05-26 12:17:46'),(49,'Lebsack, Zemlak and Abshire',3,95,'2018-05-21 12:27:54','2021-05-26 12:17:46'),(50,'West PLC',4,5,'2015-11-02 02:17:22','2021-05-26 12:17:46'),(51,'Smitham, Koss and Mertz',1,42,'2015-08-12 02:16:41','2021-05-26 12:17:46'),(52,'Barrows-Ernser',3,92,'2016-11-20 12:05:53','2021-05-26 12:17:46'),(53,'Kozey Ltd',4,33,'2017-03-05 08:00:59','2021-05-26 12:17:46'),(54,'Stroman, Cummerata and Williamson',1,87,'2014-09-04 12:38:02','2021-05-26 12:17:46'),(55,'Lakin-Sauer',3,39,'2018-10-10 03:35:41','2021-05-26 12:17:46'),(56,'Reinger PLC',4,32,'2014-06-26 19:41:08','2021-05-26 12:17:46'),(57,'Rosenbaum Group',1,41,'2017-06-03 05:23:03','2021-05-26 12:17:46'),(58,'Robel, Stehr and Hackett',3,12,'2016-06-08 10:27:44','2021-05-26 12:17:46'),(59,'Schinner-Cole',3,33,'2013-01-20 22:50:36','2021-05-26 12:17:46'),(60,'Bins-Reichert',2,29,'2018-10-14 05:31:26','2021-05-26 12:17:46'),(61,'Hahn Group',2,48,'2016-06-21 23:39:26','2021-05-26 12:17:46'),(62,'Bradtke-Altenwerth',1,50,'2015-06-11 20:24:47','2021-05-26 12:17:46'),(63,'Farrell, Konopelski and Toy',1,8,'2014-07-31 19:36:37','2021-05-26 12:17:46'),(64,'Schneider-Brekke',4,87,'2019-05-19 10:00:35','2021-05-26 12:17:46'),(65,'Schuster, Considine and Bode',1,11,'2016-10-13 01:35:04','2021-05-26 12:17:46'),(66,'Douglas-Littel',4,93,'2011-12-29 15:25:32','2021-05-26 12:17:46'),(67,'Mann-Johns',1,30,'2017-06-28 21:27:13','2021-05-26 12:17:46'),(68,'Ritchie-Lesch',3,72,'2012-11-02 07:32:59','2021-05-26 12:17:46'),(69,'Berge, Bode and Armstrong',4,67,'2016-04-27 15:31:38','2021-05-26 12:17:46'),(70,'Hilpert, Fahey and Wiegand',4,22,'2019-12-02 08:57:23','2021-05-26 12:17:46'),(71,'Cronin Ltd',1,8,'2020-10-21 10:11:44','2021-05-26 12:17:46'),(72,'Leannon, Cummings and Kohler',3,75,'2015-09-08 03:31:02','2021-05-26 12:17:46'),(73,'Hudson, Cormier and Mueller',2,48,'2012-11-19 14:31:37','2021-05-26 12:17:46'),(74,'Roob-Mitchell',3,17,'2016-04-26 22:34:06','2021-05-26 12:17:46'),(75,'Carroll, Dooley and Russel',3,41,'2015-07-03 02:08:39','2021-05-26 12:17:46'),(76,'Morissette-Green',3,52,'2015-10-11 12:41:52','2021-05-26 12:17:46'),(77,'Nicolas-Schmitt',4,36,'2014-12-25 13:28:02','2021-05-26 12:17:46'),(78,'Kemmer-Daniel',4,24,'2016-12-26 19:29:00','2021-05-26 12:17:46'),(79,'Schmitt PLC',3,11,'2011-08-18 14:41:04','2021-05-26 12:17:46'),(80,'Botsford LLC',3,82,'2018-08-27 16:31:50','2021-05-26 12:17:46'),(81,'Berge PLC',3,79,'2021-01-28 01:53:07','2021-05-26 12:17:46'),(82,'West Group',1,47,'2014-01-18 02:34:22','2021-05-26 12:17:46'),(83,'Ledner-Parisian',1,97,'2014-02-04 05:22:46','2021-05-26 12:17:46'),(84,'Zulauf-Wolff',2,44,'2020-11-14 09:20:53','2021-05-26 12:17:46'),(85,'Barrows-Harber',2,27,'2017-12-10 19:32:02','2021-05-26 12:17:46'),(86,'Olson-Bailey',4,5,'2015-03-08 17:58:38','2021-05-26 10:33:54'),(87,'Dibbert LLC',2,41,'2015-12-20 05:49:41','2021-05-26 12:17:46'),(88,'Maggio, Schmitt and Franecki',2,89,'2011-06-24 16:06:10','2021-05-26 12:17:46'),(89,'Schiller-Labadie',1,22,'2012-02-04 04:13:25','2021-05-26 12:17:46'),(90,'Powlowski-Morar',2,43,'2019-04-03 22:07:26','2021-05-26 12:17:46'),(91,'Altenwerth-Keebler',2,48,'2020-01-28 17:35:27','2021-05-26 12:17:46'),(92,'Lehner, Runolfsdottir and Gerlach',2,9,'2012-05-08 05:46:33','2021-05-26 12:17:46'),(93,'Kuvalis-Hansen',4,2,'2016-06-11 23:39:32','2021-05-26 12:17:46'),(94,'Douglas, Grant and Nikolaus',1,82,'2018-12-20 17:52:59','2021-05-26 10:33:54'),(95,'Davis PLC',1,4,'2011-07-03 09:13:00','2021-05-26 12:17:46'),(96,'Huels PLC',2,72,'2015-03-14 17:40:05','2021-05-26 12:17:46'),(97,'Lehner, King and Parisian',2,46,'2011-12-02 19:48:22','2021-05-26 12:17:46'),(98,'Botsford PLC',1,17,'2019-01-18 08:18:45','2021-05-26 12:17:46'),(99,'Ondricka-Pfeffer',4,45,'2011-11-30 18:07:35','2021-05-26 12:17:46'),(100,'Von PLC',1,74,'2012-10-27 02:52:13','2021-05-26 12:17:46');
/*!40000 ALTER TABLE `companies` ENABLE KEYS */;
UNLOCK TABLES;

--
-- Temporary view structure for view `company_info`
--

DROP TABLE IF EXISTS `company_info`;
/*!50001 DROP VIEW IF EXISTS `company_info`*/;
SET @saved_cs_client     = @@character_set_client;
/*!50503 SET character_set_client = utf8mb4 */;
/*!50001 CREATE VIEW `company_info` AS SELECT 
 1 AS `Company`,
 1 AS `Business_type`,
 1 AS `Country`,
 1 AS `City`,
 1 AS `email`,
 1 AS `phone`,
 1 AS `Web`*/;
SET character_set_client = @saved_cs_client;

--
-- Table structure for table `company_profiles`
--

DROP TABLE IF EXISTS `company_profiles`;
/*!40101 SET @saved_cs_client     = @@character_set_client */;
/*!50503 SET character_set_client = utf8mb4 */;
CREATE TABLE `company_profiles` (
  `company_id` int unsigned NOT NULL COMMENT 'Ссылка на компанию',
  `email` varchar(100) CHARACTER SET utf8mb4 COLLATE utf8mb4_unicode_ci NOT NULL COMMENT 'Почта',
  `phone` varchar(100) CHARACTER SET utf8mb4 COLLATE utf8mb4_unicode_ci NOT NULL COMMENT 'Телефон',
  `website` varchar(100) CHARACTER SET utf8mb4 COLLATE utf8mb4_unicode_ci DEFAULT NULL COMMENT 'Сайт компании',
  `created_at` datetime DEFAULT CURRENT_TIMESTAMP COMMENT 'Время создания строки',
  `updated_at` datetime DEFAULT CURRENT_TIMESTAMP ON UPDATE CURRENT_TIMESTAMP COMMENT 'Время обновления строки',
  PRIMARY KEY (`company_id`),
  UNIQUE KEY `email` (`email`),
  UNIQUE KEY `phone` (`phone`),
  UNIQUE KEY `website` (`website`),
  CONSTRAINT `company_profiles_company_id_fk` FOREIGN KEY (`company_id`) REFERENCES `companies` (`id`) ON DELETE CASCADE
) ENGINE=InnoDB DEFAULT CHARSET=utf8mb4 COLLATE=utf8mb4_unicode_ci COMMENT='Профиль компании';
/*!40101 SET character_set_client = @saved_cs_client */;

--
-- Dumping data for table `company_profiles`
--

LOCK TABLES `company_profiles` WRITE;
/*!40000 ALTER TABLE `company_profiles` DISABLE KEYS */;
INSERT INTO `company_profiles` VALUES (1,'marquardt.gayle@example.org','640.948.7088x81447','http://bechtelarschroeder.biz/','2014-08-09 23:12:49','2021-05-26 10:34:56'),(2,'estefania30@example.net','619.482.0686x82000','http://www.abbott.com/','2013-02-28 13:58:00','2019-06-24 14:06:54'),(3,'kmurray@example.net','295.058.8221','http://goyettemurphy.biz/','2015-07-04 18:43:10','2021-01-22 01:54:05'),(4,'santos.swaniawski@example.org','(866)482-2264x593','http://www.turnerjacobi.com/','2013-09-25 07:26:05','2020-05-21 00:58:24'),(5,'sienna.raynor@example.com','00539935399','http://vonkoelpin.com/','2014-10-23 10:52:26','2020-06-03 17:01:31'),(6,'skiles.naomie@example.net','108.703.9725x6619','http://goodwin.info/','2019-12-24 09:47:28','2021-05-26 10:34:56'),(7,'tdoyle@example.net','829.502.1594x3185','http://www.goldner.com/','2019-12-13 00:54:11','2021-05-26 10:34:56'),(8,'kyler.waelchi@example.com','07341011718','http://millerpagac.com/','2015-09-20 20:30:21','2017-04-12 12:52:16'),(9,'boehm.millie@example.net','337.216.0067x05727','http://www.trantow.com/','2020-12-04 05:32:37','2021-05-26 10:34:56'),(10,'tbeier@example.com','1-072-435-9784x968','http://abernathy.com/','2016-02-20 19:57:28','2021-05-26 10:34:56'),(11,'russell77@example.com','1-264-094-1085x798','http://www.mayert.com/','2019-04-10 00:37:41','2021-05-26 10:34:56'),(12,'wintheiser.vernon@example.net','00051323521','http://emmerich.com/','2014-02-13 16:57:42','2021-05-26 10:34:56'),(13,'mccullough.violet@example.com','050.320.2732x859','http://considinehowe.com/','2013-04-27 23:03:53','2020-11-08 22:16:14'),(14,'merlin.collins@example.net','02221985336','http://www.rosenbaum.com/','2020-05-12 01:20:11','2021-05-26 10:34:56'),(15,'clay26@example.net','1-664-781-6399','http://www.wunsch.com/','2013-08-13 07:47:12','2021-05-26 10:34:56'),(16,'wuckert.citlalli@example.org','656.307.4256x59098','http://parker.com/','2012-04-08 11:38:17','2018-03-01 01:21:15'),(17,'herzog.brandyn@example.net','537-587-6465x870','http://www.bednarleannon.info/','2017-10-18 14:46:42','2021-05-26 10:34:56'),(18,'simone.altenwerth@example.net','(095)675-0085x07118','http://gaylordleffler.com/','2017-07-25 21:58:19','2019-12-16 02:05:58'),(19,'yhirthe@example.net','277.431.4794x0308','http://terryschroeder.com/','2011-11-26 22:18:47','2017-04-20 19:47:15'),(20,'nsatterfield@example.com','1-251-374-3855','http://www.binsmitchell.com/','2015-12-05 20:47:00','2017-10-08 07:06:10'),(21,'alvina.schmidt@example.com','320-419-9785x394','http://prosacco.com/','2016-05-30 10:07:10','2020-02-23 22:10:03'),(22,'chesley63@example.org','1-727-136-5893','http://www.gutmann.biz/','2012-06-11 11:31:18','2019-02-09 21:30:09'),(23,'jmraz@example.com','421-011-8632x8347','http://www.considine.net/','2012-09-17 21:24:43','2021-05-26 10:34:56'),(24,'huels.gerry@example.org','257-807-6374x5386','http://kautzer.com/','2015-07-16 21:24:27','2021-03-11 16:10:38'),(25,'spencer.daphney@example.net','03384705187','http://www.nienow.com/','2018-11-16 20:36:14','2021-05-26 10:34:56'),(26,'conor.stroman@example.org','1-378-622-5716','http://nienowweber.com/','2012-06-09 16:09:45','2014-09-10 17:13:16'),(27,'adan18@example.org','+86(2)5286206455','http://brown.biz/','2011-08-11 01:15:55','2012-10-13 19:03:17'),(28,'norwood.weber@example.net','184.292.8884x396','http://powlowski.org/','2014-11-03 15:24:26','2021-05-26 10:34:56'),(29,'greenfelder.teresa@example.org','626-027-7461x120','http://kshlerin.net/','2017-05-04 10:53:43','2020-07-06 20:07:00'),(30,'ulises58@example.net','529-074-0802x119','http://gleason.com/','2017-01-13 02:40:36','2019-08-13 20:41:24'),(31,'casper.cleta@example.com','1-912-427-7841x50784','http://www.adams.com/','2017-06-30 23:53:40','2021-05-26 10:34:56'),(32,'hpollich@example.org','720-163-7786x496','http://wilderman.org/','2012-03-25 04:35:51','2018-03-18 16:10:23'),(33,'camila.kuhn@example.net','1-696-182-4530x830','http://barrows.org/','2017-07-09 02:00:46','2021-05-26 10:34:56'),(34,'hassie.ryan@example.org','1-715-013-1283x0584','http://www.rippin.com/','2012-01-08 21:16:26','2019-07-06 23:29:36'),(35,'qbergstrom@example.com','976.327.0910x2472','http://www.schultzschaden.com/','2016-05-08 20:09:31','2021-05-26 10:34:56'),(36,'alexandrine.hodkiewicz@example.com','1-384-271-9060x6743','http://reichert.org/','2014-07-13 19:08:37','2021-05-26 10:34:56'),(37,'mills.madge@example.org','+15(8)1746920728','http://www.mohrbernhard.biz/','2011-12-18 09:59:20','2019-08-16 10:51:43'),(38,'jazmyne68@example.org','768.312.0328x360','http://www.leannon.net/','2011-11-02 23:38:07','2012-11-16 15:32:49'),(39,'horace56@example.net','608-906-7900','http://www.lang.com/','2012-02-12 07:36:11','2017-11-23 01:14:46'),(40,'corrine89@example.com','1-603-528-5971x3309','http://www.cremin.net/','2016-03-15 03:49:30','2016-10-18 20:45:39'),(41,'woodrow72@example.net','(309)246-3602x86811','http://rippin.com/','2012-04-20 09:27:34','2015-08-22 00:09:49'),(42,'wolff.jazlyn@example.org','277.217.2906x5463','http://www.turnerfahey.com/','2012-01-06 06:08:14','2020-08-09 07:12:06'),(43,'fhackett@example.net','401-966-3980','http://www.hilpert.info/','2013-08-23 20:11:19','2019-02-13 23:22:37'),(44,'angelita.marks@example.org','+62(3)9806870760','http://runte.com/','2013-11-04 06:52:15','2013-11-22 07:42:19'),(45,'elza.welch@example.com','(814)714-3095x012','http://www.hansen.com/','2016-04-04 07:46:44','2021-05-26 10:34:56'),(46,'miracle.reilly@example.org','+04(0)3169223644','http://stroman.com/','2017-05-15 03:21:45','2019-09-26 06:53:34'),(47,'llewellyn13@example.org','1-207-538-0228x9180','http://stark.info/','2020-06-04 16:13:39','2021-05-26 10:34:56'),(48,'ocollins@example.net','235-647-4256','http://prosacco.info/','2016-07-03 01:04:44','2021-05-26 10:34:56'),(49,'corwin.aiden@example.com','655.316.6573','http://www.towne.biz/','2013-04-16 19:56:38','2021-05-26 10:34:56'),(50,'gus.dare@example.net','+51(0)1331360122','http://price.com/','2016-11-20 06:17:12','2021-05-26 10:34:56'),(51,'mgrady@example.net','916-616-0987x6868','http://connrutherford.org/','2020-01-07 18:21:39','2021-01-30 16:41:46'),(52,'fanny42@example.com','257.499.9597x39989','http://www.jacobsoberbrunner.com/','2013-01-14 15:43:37','2019-05-17 14:01:39'),(53,'frice@example.net','1-801-845-8302x226','http://mcclure.com/','2021-03-19 14:35:56','2021-05-26 10:34:56'),(54,'randy61@example.org','(211)690-2381x59685','http://schowalter.com/','2014-12-17 00:28:53','2018-09-10 14:18:00'),(55,'chadrick23@example.com','(661)781-0158','http://www.effertzbartell.info/','2012-04-21 01:46:13','2018-10-27 04:56:48'),(56,'farrell.larry@example.net','705-781-9932','http://hudson.com/','2016-12-05 05:30:39','2020-08-17 14:45:27'),(57,'grover77@example.org','773.820.4527x31449','http://www.langosh.biz/','2015-04-17 12:38:47','2021-05-26 10:34:56'),(58,'king.pablo@example.org','296.616.6633x909','http://www.kilbackblanda.com/','2020-07-29 07:32:09','2020-09-04 04:33:32'),(59,'jledner@example.org','507.831.1797x625','http://hessel.com/','2018-03-14 19:57:24','2021-05-26 10:34:56'),(60,'baumbach.maggie@example.com','829.166.1928x42405','http://pacocha.com/','2015-12-01 09:35:34','2021-05-26 10:34:56'),(61,'kgoodwin@example.net','1-544-100-0590x710','http://beahan.com/','2014-06-09 19:09:37','2016-11-02 00:34:16'),(62,'leannon.destany@example.net','(014)379-0302','http://williamsonthiel.biz/','2018-08-12 22:34:06','2021-01-05 12:37:11'),(63,'tveum@example.org','(246)427-5843','http://www.willms.com/','2013-02-11 02:39:58','2021-05-26 10:34:56'),(64,'beatrice42@example.org','613.997.8620x464','http://www.lynch.net/','2013-02-23 16:49:07','2018-03-14 11:14:58'),(65,'sortiz@example.net','08020596524','http://www.moen.com/','2019-10-26 21:53:44','2021-05-26 10:34:56'),(66,'schoen.loma@example.org','1-068-012-5892','http://harveyrogahn.net/','2021-02-25 04:36:06','2021-05-26 10:34:56'),(67,'lavonne40@example.com','03948933477','http://www.westlehner.com/','2014-02-12 03:24:44','2019-05-26 18:01:00'),(68,'kavon58@example.net','(829)359-0981','http://stokes.com/','2021-04-11 00:09:18','2021-05-26 10:34:56'),(69,'paris40@example.org','02410765244','http://ritchie.org/','2019-11-15 09:40:17','2021-05-26 10:34:56'),(70,'christelle.rowe@example.org','1-770-521-1156x75681','http://www.lebsackstark.biz/','2019-10-31 21:58:53','2021-05-26 10:34:56'),(71,'fcartwright@example.com','(295)526-4794x812','http://www.watsica.com/','2014-07-26 05:01:32','2021-03-22 16:04:57'),(72,'ystoltenberg@example.net','000.783.5206x838','http://rempel.com/','2020-10-13 12:10:40','2021-05-26 10:34:56'),(73,'reichel.braxton@example.com','(804)836-1448x2681','http://www.weber.com/','2014-02-04 05:39:18','2019-12-28 20:53:58'),(74,'omaggio@example.net','681.954.0920','http://langosh.com/','2013-06-22 02:08:09','2019-09-06 01:03:56'),(75,'ebode@example.com','(837)339-7054x2578','http://johns.net/','2019-04-08 09:42:14','2021-05-26 10:34:56'),(76,'jamel26@example.org','345.428.8985x8252','http://www.hagenesmayert.com/','2013-09-25 06:59:08','2021-05-26 10:34:56'),(77,'victoria08@example.com','1-964-535-8315x2043','http://stark.biz/','2020-08-11 05:38:01','2021-05-26 10:34:56'),(78,'metz.moriah@example.com','771.560.9868x5525','http://www.larson.org/','2015-02-22 05:04:47','2021-05-26 10:34:56'),(79,'mkeeling@example.net','(797)585-6477x99499','http://www.reichel.com/','2013-09-09 18:07:03','2019-01-04 05:29:55'),(80,'nicolette25@example.net','+73(5)9226699080','http://treutelmonahan.net/','2016-11-03 22:56:31','2021-05-26 10:34:56'),(81,'oherman@example.net','(730)296-2476x6568','http://www.nikolaustillman.net/','2020-03-08 17:12:00','2021-05-26 10:34:56'),(82,'ftorp@example.com','809-382-2765','http://www.carroll.info/','2021-01-13 11:49:42','2021-05-26 10:34:56'),(83,'kgulgowski@example.org','(064)967-2067x81142','http://www.abshire.org/','2017-02-19 04:33:59','2021-05-26 10:34:56'),(84,'schumm.franz@example.org','1-337-690-3497','http://wilkinsonstreich.net/','2018-06-16 12:01:55','2021-05-26 10:34:56'),(85,'kovacek.claudine@example.com','517.668.4466','http://www.christiansenhackett.com/','2013-05-22 21:25:55','2019-11-05 01:42:51'),(86,'pkuhic@example.net','686-182-5862x638','http://www.sauer.com/','2017-07-04 05:20:16','2019-06-09 15:54:20'),(87,'ppouros@example.org','+04(4)8004664288','http://www.waelchilarson.com/','2016-09-08 02:22:14','2021-05-26 10:34:56'),(88,'ondricka.jeremie@example.com','911-692-4796','http://mcdermottbarrows.info/','2013-10-15 03:22:29','2016-09-16 07:55:14'),(89,'celestine.rodriguez@example.org','1-019-665-8506x744','http://www.kertzmann.com/','2019-12-31 05:19:13','2020-01-28 21:55:54'),(90,'reichert.estevan@example.com','347.890.7031x895','http://harris.com/','2017-03-19 08:31:40','2021-05-26 10:34:56'),(91,'kschinner@example.net','366.879.0004x18988','http://bayerwilkinson.com/','2014-04-07 23:34:54','2017-11-25 05:45:23'),(92,'grimes.allison@example.org','1-410-970-9257x39258','http://veumflatley.biz/','2020-06-03 03:50:36','2021-05-26 10:34:56'),(93,'ethel02@example.org','740-884-6386','http://www.aueraltenwerth.com/','2020-12-21 01:35:59','2021-05-26 10:34:56'),(94,'cmedhurst@example.org','+47(8)3563798139','http://hessel.info/','2020-06-08 21:57:02','2021-05-26 10:34:56'),(95,'jean25@example.net','690-698-4675x924','http://bergstrom.com/','2019-10-30 23:23:31','2021-05-26 10:34:56'),(96,'vosinski@example.net','962.633.1899','http://renner.com/','2015-06-12 14:06:36','2018-11-05 02:32:25'),(97,'jesus91@example.net','01180538477','http://zieme.com/','2021-04-28 11:43:51','2021-05-26 10:34:56'),(98,'elliot.becker@example.org','(170)846-6285x15579','http://altenwerth.com/','2011-09-11 12:42:26','2012-06-19 15:55:48'),(99,'trodriguez@example.net','491-611-2624x11677','http://www.sporer.org/','2013-03-28 18:15:22','2021-05-26 10:34:56'),(100,'koch.adan@example.net','1-665-676-3968','http://www.reichert.com/','2021-03-30 17:21:49','2021-05-26 10:34:56');
/*!40000 ALTER TABLE `company_profiles` ENABLE KEYS */;
UNLOCK TABLES;

--
-- Table structure for table `countries`
--

DROP TABLE IF EXISTS `countries`;
/*!40101 SET @saved_cs_client     = @@character_set_client */;
/*!50503 SET character_set_client = utf8mb4 */;
CREATE TABLE `countries` (
  `id` int unsigned NOT NULL AUTO_INCREMENT,
  `name` varchar(150) CHARACTER SET utf8mb4 COLLATE utf8mb4_unicode_ci NOT NULL,
  PRIMARY KEY (`id`)
) ENGINE=InnoDB AUTO_INCREMENT=101 DEFAULT CHARSET=utf8mb4 COLLATE=utf8mb4_unicode_ci;
/*!40101 SET character_set_client = @saved_cs_client */;

--
-- Dumping data for table `countries`
--

LOCK TABLES `countries` WRITE;
/*!40000 ALTER TABLE `countries` DISABLE KEYS */;
INSERT INTO `countries` VALUES (1,'Kyrgyz Republic'),(2,'French Polynesia'),(3,'New Caledonia'),(4,'French Polynesia'),(5,'Falkland Islands (Malvinas)'),(6,'China'),(7,'Azerbaijan'),(8,'Tanzania'),(9,'Faroe Islands'),(10,'Georgia'),(11,'Monaco'),(12,'Australia'),(13,'Martinique'),(14,'Aruba'),(15,'United Arab Emirates'),(16,'Netherlands'),(17,'Botswana'),(18,'Maldives'),(19,'United Arab Emirates'),(20,'Liberia'),(21,'Tajikistan'),(22,'Luxembourg'),(23,'Norfolk Island'),(24,'American Samoa'),(25,'Guinea-Bissau'),(26,'Nauru'),(27,'Iceland'),(28,'San Marino'),(29,'Lithuania'),(30,'Northern Mariana Islands'),(31,'Bosnia and Herzegovina'),(32,'American Samoa'),(33,'Netherlands'),(34,'Madagascar'),(35,'Suriname'),(36,'Aruba'),(37,'Montenegro'),(38,'French Guiana'),(39,'Slovenia'),(40,'Timor-Leste'),(41,'Mayotte'),(42,'Sierra Leone'),(43,'Ukraine'),(44,'Jersey'),(45,'French Polynesia'),(46,'Brazil'),(47,'Saint Helena'),(48,'New Zealand'),(49,'United States of America'),(50,'Togo'),(51,'Cayman Islands'),(52,'Austria'),(53,'Cape Verde'),(54,'Guadeloupe'),(55,'Bhutan'),(56,'Eritrea'),(57,'United Arab Emirates'),(58,'France'),(59,'Oman'),(60,'Marshall Islands'),(61,'Antarctica (the territory South of 60 deg S)'),(62,'Haiti'),(63,'Gibraltar'),(64,'Antigua and Barbuda'),(65,'Myanmar'),(66,'South Africa'),(67,'Turks and Caicos Islands'),(68,'Cameroon'),(69,'Turkey'),(70,'Gabon'),(71,'Palestinian Territory'),(72,'Finland'),(73,'Belgium'),(74,'Bhutan'),(75,'French Polynesia'),(76,'Serbia'),(77,'Iraq'),(78,'Eritrea'),(79,'Saint Vincent and the Grenadines'),(80,'China'),(81,'Ecuador'),(82,'Sweden'),(83,'Russian Federation'),(84,'Brazil'),(85,'Saudi Arabia'),(86,'Maldives'),(87,'Guyana'),(88,'San Marino'),(89,'Wallis and Futuna'),(90,'Macedonia'),(91,'Cote d\'Ivoire'),(92,'Bouvet Island (Bouvetoya)'),(93,'Bosnia and Herzegovina'),(94,'Kiribati'),(95,'Portugal'),(96,'Uruguay'),(97,'Svalbard & Jan Mayen Islands'),(98,'Burkina Faso'),(99,'Russian Federation'),(100,'Algeria');
/*!40000 ALTER TABLE `countries` ENABLE KEYS */;
UNLOCK TABLES;

--
-- Table structure for table `goods`
--

DROP TABLE IF EXISTS `goods`;
/*!40101 SET @saved_cs_client     = @@character_set_client */;
/*!50503 SET character_set_client = utf8mb4 */;
CREATE TABLE `goods` (
  `id` int unsigned NOT NULL AUTO_INCREMENT COMMENT 'Идентификатор товара',
  `name` varchar(255) CHARACTER SET utf8mb4 COLLATE utf8mb4_unicode_ci NOT NULL COMMENT 'Название товара',
  `price` int unsigned DEFAULT NULL,
  `stock` int DEFAULT NULL COMMENT 'Количество на складе',
  `created_at` datetime DEFAULT CURRENT_TIMESTAMP COMMENT 'Время создания строки',
  `updated_at` datetime DEFAULT CURRENT_TIMESTAMP ON UPDATE CURRENT_TIMESTAMP COMMENT 'Время обновления строки',
  PRIMARY KEY (`id`),
  UNIQUE KEY `name` (`name`)
) ENGINE=InnoDB AUTO_INCREMENT=101 DEFAULT CHARSET=utf8mb4 COLLATE=utf8mb4_unicode_ci COMMENT='Товары';
/*!40101 SET character_set_client = @saved_cs_client */;

--
-- Dumping data for table `goods`
--

LOCK TABLES `goods` WRITE;
/*!40000 ALTER TABLE `goods` DISABLE KEYS */;
INSERT INTO `goods` VALUES (1,'voluptatum',7539,5188,'2016-07-31 21:53:24','2021-05-27 07:08:22'),(2,'rerum',4499,4302,'2020-06-19 22:09:35','2021-05-27 07:08:22'),(3,'similique',9878,1863,'2020-07-02 17:33:24','2021-05-27 07:08:22'),(4,'laborum',5894,9463,'2018-02-21 00:13:13','2021-05-27 07:08:22'),(5,'iusto',9836,6891,'2016-05-21 09:30:16','2021-05-27 07:08:22'),(6,'non',1498,8132,'2017-10-21 19:13:15','2021-05-27 07:08:22'),(7,'quidem',7980,9683,'2013-08-23 21:06:26','2021-05-27 07:08:22'),(8,'eveniet',5404,1782,'2016-08-26 06:00:02','2021-05-27 07:08:22'),(9,'qui',3082,7357,'2020-01-13 18:57:18','2021-05-27 07:08:22'),(10,'blanditiis',9199,7942,'2021-01-31 02:03:15','2021-05-27 07:08:22'),(11,'sint',6745,75,'2016-03-28 05:00:50','2021-05-27 07:08:22'),(12,'quis',6130,9929,'2012-05-03 06:42:00','2021-05-27 07:08:22'),(13,'quibusdam',412,4604,'2014-11-18 01:49:27','2021-05-27 07:08:22'),(14,'eius',3671,309,'2021-05-25 20:55:13','2021-05-27 07:08:22'),(15,'rem',7118,9065,'2019-06-08 07:58:24','2021-05-27 07:08:22'),(16,'fugiat',4578,3267,'2013-12-05 23:30:21','2021-05-27 07:08:22'),(17,'officia',1533,7726,'2013-04-06 09:00:43','2021-05-27 07:08:22'),(18,'aspernatur',3932,7629,'2020-06-29 20:21:01','2021-05-27 07:08:22'),(19,'ipsam',5062,5407,'2020-12-11 18:02:30','2021-05-27 07:08:22'),(20,'repudiandae',3513,616,'2020-01-13 22:54:14','2021-05-27 07:08:22'),(21,'minus',2377,8359,'2020-02-24 07:03:00','2021-05-27 07:08:22'),(22,'accusantium',1346,2702,'2018-03-20 08:28:29','2021-05-27 07:08:22'),(23,'est',9598,141,'2018-04-02 14:36:36','2021-05-27 07:08:22'),(24,'sunt',3954,6036,'2019-10-17 20:37:02','2021-05-27 07:08:22'),(25,'in',974,8760,'2021-05-10 16:55:21','2021-05-27 07:08:22'),(26,'nihil',3006,1478,'2020-11-23 08:42:04','2021-05-27 07:08:22'),(27,'pariatur',2109,9249,'2020-09-06 21:47:45','2021-05-27 07:08:22'),(28,'odio',1527,155,'2015-07-17 06:59:57','2021-05-27 07:08:22'),(29,'architecto',1308,5015,'2021-04-17 16:04:18','2021-05-27 07:08:22'),(30,'et',1957,5719,'2013-08-05 09:36:09','2021-05-27 07:08:22'),(31,'error',5859,2608,'2019-10-13 22:31:58','2021-05-27 07:08:22'),(32,'id',3427,8950,'2013-10-09 01:37:48','2021-05-27 07:08:22'),(33,'animi',9555,6169,'2012-04-19 11:17:59','2021-05-27 07:08:22'),(34,'corrupti',7494,4621,'2016-11-27 05:16:47','2021-05-27 07:08:22'),(35,'expedita',8803,7815,'2016-05-18 22:45:11','2021-05-27 07:08:22'),(36,'sit',1532,1321,'2011-12-14 22:15:43','2021-05-27 07:08:22'),(37,'labore',1253,4777,'2016-12-23 03:13:59','2021-05-27 07:08:22'),(38,'sed',1667,6290,'2016-08-18 12:40:26','2021-05-27 07:08:22'),(39,'ipsum',4577,9802,'2015-09-15 17:39:26','2021-05-27 07:08:22'),(40,'reprehenderit',7884,43,'2019-06-02 21:00:47','2021-05-27 07:08:22'),(41,'consequatur',5690,7690,'2013-05-07 22:44:15','2021-05-27 07:08:22'),(42,'esse',4794,7314,'2012-11-04 14:13:12','2021-05-27 07:08:22'),(43,'commodi',6901,1556,'2019-06-02 12:45:27','2021-05-27 07:08:22'),(44,'incidunt',121,4321,'2018-07-24 20:18:28','2021-05-27 07:08:22'),(45,'nobis',9904,5808,'2015-06-18 20:39:06','2021-05-27 07:08:22'),(46,'dolorum',9154,2961,'2015-06-21 10:24:38','2021-05-27 07:08:22'),(47,'numquam',6059,8285,'2011-06-16 16:22:53','2021-05-27 07:08:22'),(48,'porro',2833,3933,'2019-07-16 01:32:57','2021-05-27 07:08:22'),(49,'eos',5989,7105,'2017-08-21 00:38:15','2021-05-27 07:08:22'),(50,'voluptatem',1444,4773,'2015-02-21 00:09:11','2021-05-27 07:08:22'),(51,'doloremque',9253,1556,'2012-04-25 09:55:21','2021-05-27 07:08:22'),(52,'facilis',1933,9833,'2019-12-07 15:56:17','2021-05-27 07:08:22'),(53,'vel',1905,4671,'2013-01-06 03:30:08','2021-05-27 07:08:22'),(54,'repellat',3725,1735,'2020-06-08 10:15:36','2021-05-27 07:08:22'),(55,'illo',2909,7470,'2013-02-23 16:06:07','2021-05-27 07:08:22'),(56,'magni',3371,420,'2014-08-09 06:59:01','2021-05-27 07:08:22'),(57,'earum',8125,2413,'2014-06-12 19:46:15','2021-05-27 07:08:22'),(58,'odit',514,2933,'2014-11-23 18:15:33','2021-05-27 07:08:22'),(59,'fuga',8192,5422,'2012-10-28 07:36:57','2021-05-27 07:08:22'),(60,'voluptas',9419,2307,'2015-06-24 15:00:04','2021-05-27 07:08:22'),(61,'accusamus',2517,8363,'2013-07-06 01:11:56','2021-05-27 07:08:22'),(62,'provident',4327,2785,'2013-07-04 06:17:18','2021-05-27 07:08:22'),(63,'placeat',4084,8175,'2019-01-27 17:05:12','2021-05-27 07:08:22'),(64,'asperiores',7440,7893,'2019-10-20 11:02:22','2021-05-27 07:08:22'),(65,'excepturi',4946,1461,'2013-11-18 16:19:30','2021-05-27 07:08:22'),(66,'omnis',2408,3460,'2020-07-16 07:07:53','2021-05-27 07:08:22'),(67,'beatae',7203,125,'2011-10-26 23:25:03','2021-05-27 07:08:22'),(68,'quos',8790,1228,'2020-02-26 17:51:14','2021-05-27 07:08:22'),(69,'autem',2339,7643,'2016-03-01 08:55:15','2021-05-27 07:08:22'),(70,'dolorem',5326,4465,'2014-05-27 11:55:18','2021-05-27 07:08:22'),(71,'quam',9611,8080,'2017-08-08 04:38:12','2021-05-27 07:08:22'),(72,'exercitationem',2076,4286,'2013-07-12 05:02:08','2021-05-27 07:08:22'),(73,'vitae',1550,2594,'2017-12-03 23:05:57','2021-05-27 07:08:22'),(74,'illum',1518,5186,'2013-11-29 13:34:20','2021-05-27 07:08:22'),(75,'enim',2941,9285,'2017-11-06 23:46:55','2021-05-27 07:08:22'),(76,'quia',152,7750,'2018-12-02 23:25:37','2021-05-27 07:08:22'),(77,'magnam',1935,9181,'2020-07-09 18:00:34','2021-05-27 07:08:22'),(78,'delectus',9218,2426,'2019-01-25 10:33:35','2021-05-27 07:08:22'),(79,'suscipit',284,9239,'2017-12-27 16:24:05','2021-05-27 07:08:22'),(80,'aut',3766,4978,'2020-01-01 21:01:21','2021-05-27 07:08:22'),(81,'mollitia',7976,6575,'2020-02-05 02:14:16','2021-05-27 07:08:22'),(82,'molestias',8582,6746,'2020-04-26 07:30:09','2021-05-27 07:08:22'),(83,'molestiae',8983,5951,'2021-03-07 15:29:32','2021-05-27 07:08:22'),(84,'perspiciatis',9167,8307,'2020-09-11 13:48:39','2021-05-27 07:08:22'),(85,'maxime',8886,9040,'2015-12-25 03:48:46','2021-05-27 07:08:22'),(86,'alias',6928,4581,'2015-05-13 16:47:12','2021-05-27 07:08:22'),(87,'aliquid',7980,9848,'2017-01-27 15:24:18','2021-05-27 07:08:22'),(88,'consequuntur',9119,9324,'2020-03-20 15:10:16','2021-05-27 07:08:22'),(89,'quas',1652,2774,'2016-10-17 02:00:33','2021-05-27 07:08:22'),(90,'sequi',905,8155,'2018-08-28 22:54:29','2021-05-27 07:08:22'),(91,'hic',9568,3901,'2018-12-03 17:34:25','2021-05-27 07:08:22'),(92,'tenetur',5126,659,'2012-10-08 04:54:17','2021-05-27 07:08:22'),(93,'recusandae',6923,3361,'2011-06-05 14:52:36','2021-05-27 07:08:22'),(94,'corporis',9235,2114,'2013-07-23 06:13:13','2021-05-27 07:08:22'),(95,'voluptatibus',5408,4500,'2017-08-23 06:21:45','2021-05-27 07:08:22'),(96,'adipisci',9334,9055,'2011-09-07 23:14:29','2021-05-27 07:08:22'),(97,'soluta',446,1346,'2013-10-15 10:03:27','2021-05-27 07:08:22'),(98,'doloribus',4227,7247,'2014-03-04 12:56:28','2021-05-27 07:08:22'),(99,'nulla',9797,2681,'2015-12-13 22:58:18','2021-05-27 07:08:22'),(100,'at',6305,4564,'2014-02-14 08:38:02','2021-05-27 07:08:22');
/*!40000 ALTER TABLE `goods` ENABLE KEYS */;
UNLOCK TABLES;

--
-- Table structure for table `goods_description`
--

DROP TABLE IF EXISTS `goods_description`;
/*!40101 SET @saved_cs_client     = @@character_set_client */;
/*!50503 SET character_set_client = utf8mb4 */;
CREATE TABLE `goods_description` (
  `goods_id` int unsigned NOT NULL COMMENT 'Ссылка на товар',
  `body` text CHARACTER SET utf8mb4 COLLATE utf8mb4_unicode_ci NOT NULL COMMENT 'Текст описания',
  `created_at` datetime DEFAULT CURRENT_TIMESTAMP COMMENT 'Время создания строки',
  `updated_at` datetime DEFAULT CURRENT_TIMESTAMP ON UPDATE CURRENT_TIMESTAMP COMMENT 'Время обновления строки',
  PRIMARY KEY (`goods_id`),
  CONSTRAINT `goods_description_goods_id_fk` FOREIGN KEY (`goods_id`) REFERENCES `goods` (`id`) ON DELETE CASCADE
) ENGINE=InnoDB DEFAULT CHARSET=utf8mb4 COLLATE=utf8mb4_unicode_ci COMMENT='Описание товара';
/*!40101 SET character_set_client = @saved_cs_client */;

--
-- Dumping data for table `goods_description`
--

LOCK TABLES `goods_description` WRITE;
/*!40000 ALTER TABLE `goods_description` DISABLE KEYS */;
INSERT INTO `goods_description` VALUES (1,'Ut est dolor voluptas. Fugiat veniam non nemo repellat quo consequatur.','2019-08-19 08:37:52','2020-11-17 09:34:46'),(2,'Quae sequi et repellat vel nesciunt. Laborum quasi facilis sit ab aliquid. Corporis voluptatem et et nam nisi.','2017-12-27 12:29:28','2021-05-26 10:37:08'),(3,'Iusto occaecati velit vel ut. Magnam autem placeat qui ab. Tempore odio quas pariatur vel aut quod. Eum fuga accusantium necessitatibus dicta unde eum non.','2019-01-27 04:05:56','2021-05-26 10:37:08'),(4,'Doloremque praesentium inventore et et sequi dolor ullam. Impedit vitae commodi temporibus. Unde quis omnis repudiandae ullam quod.','2014-12-21 07:02:59','2021-02-25 17:22:01'),(5,'Dolorem libero illo blanditiis laudantium. Et rerum velit neque vero asperiores. Itaque ut aut odio ipsam quia illo. Veritatis aut non ut. Tempora repellendus ea saepe sit quis voluptas harum.','2015-08-23 20:43:15','2019-09-14 01:47:56'),(6,'Quae quibusdam quia sed neque distinctio nostrum dicta magnam. Sed aspernatur doloribus soluta veritatis. Sed sit debitis nihil explicabo rerum. Commodi praesentium animi voluptas doloremque mollitia ullam in.','2015-09-07 01:15:10','2021-05-26 10:37:08'),(7,'Consequuntur error architecto sed consequatur et illum fuga. Ut error facilis quis aut eos. Incidunt est velit ex cupiditate. Cum veniam suscipit odio est.','2017-05-22 08:03:10','2019-10-18 04:23:20'),(8,'Sit illum qui perspiciatis vel quia magni amet. Exercitationem voluptas voluptates vero nobis. Dolor laboriosam consectetur earum reprehenderit ab. Voluptates consectetur nihil qui ea rerum eveniet. Unde earum ut voluptatem voluptas.','2018-11-13 03:20:22','2021-05-26 10:37:08'),(9,'Vitae quis doloremque perferendis amet repudiandae molestiae quo. Molestias autem molestias expedita magni. Doloribus sed sed aut consequatur voluptatem perspiciatis dicta. Aut et voluptatem et veritatis dolor consectetur quaerat.','2020-08-01 14:46:27','2021-05-26 10:37:08'),(10,'Veritatis aut neque reiciendis et omnis iusto sunt aut. Maxime laudantium nisi reiciendis eos in eos fugit. Alias ea ea mollitia cum quam.','2021-04-22 13:18:15','2021-05-26 10:37:08'),(11,'Nisi eum nobis beatae facere voluptatem quasi ad. Consequatur molestias a ipsam ea at. Deserunt consequatur dolores debitis fuga quia ipsam beatae. Quidem non qui aspernatur et aspernatur enim.','2012-01-06 16:50:39','2020-08-03 04:21:38'),(12,'Temporibus animi nihil et exercitationem ullam accusamus earum. Est debitis pariatur impedit repellat. Aut id dolores inventore ipsa magnam sequi consequatur.','2017-08-19 21:39:57','2021-05-26 10:37:08'),(13,'Atque aliquid ut id ea soluta maxime voluptatem. Repudiandae veniam id quaerat autem dolorum. Mollitia sapiente quis officia deserunt. Repudiandae quia sed porro quibusdam.','2020-04-24 20:43:57','2021-05-26 10:37:08'),(14,'Illo impedit dignissimos quia inventore laborum. Dolor facere nihil vel vel consequatur. Tempora quia ut quam repellendus quos quam accusamus. Commodi aliquam blanditiis soluta ut velit omnis numquam.','2013-06-30 19:45:42','2021-05-26 10:37:08'),(15,'Soluta autem qui ipsam et officia nemo accusantium. Sunt ipsum placeat voluptatibus ipsa laborum minus sit. Amet exercitationem qui vitae est sit omnis reiciendis. Et et aut illum.','2017-10-06 17:15:40','2019-12-09 13:31:28'),(16,'Id adipisci praesentium velit earum. Minima qui illum aut aut eaque animi. Voluptatem eum quisquam voluptatem exercitationem.','2015-09-05 15:30:35','2019-08-29 14:20:53'),(17,'Sint libero sint voluptatibus. Nulla cumque et voluptatibus numquam expedita qui magnam.','2018-04-06 14:43:57','2021-05-26 10:37:08'),(18,'Veritatis maxime optio similique ab eius deleniti est. Vel quo magni ut tenetur. Sit voluptates in natus eum fugiat. Corrupti sit quis doloribus ea.','2017-07-01 04:42:22','2020-04-08 10:55:39'),(19,'Reprehenderit suscipit et voluptatem aperiam est repellat in ad. Magnam vel quia adipisci vero. Omnis aliquid deserunt corrupti. Et deserunt libero assumenda voluptatibus voluptas sint nesciunt non.','2019-04-01 06:27:37','2021-05-26 10:37:08'),(20,'Rerum est aperiam praesentium dolores consequatur ducimus qui porro. Vero quibusdam alias perferendis explicabo quasi. Odit corrupti hic eos aut. Quis et id et dicta deleniti.','2012-07-12 02:45:33','2017-12-25 20:31:12'),(21,'Nostrum ducimus est amet earum consequatur accusamus voluptatem dignissimos. Repellat aperiam consectetur aut vitae fuga rerum. Nam nisi fugiat consequatur quia non.','2018-01-18 11:58:25','2021-05-26 10:37:08'),(22,'Commodi modi quis voluptatem quae aspernatur. Expedita possimus corporis porro. Veniam molestias et qui doloribus eum ab. Suscipit consequatur officiis voluptas modi sunt quia.','2016-04-19 02:54:58','2021-05-26 10:37:08'),(23,'Non et possimus iure vero reprehenderit et molestias. Illo qui quod voluptatum odit expedita modi assumenda. Odio non laborum provident in similique.','2012-12-08 23:11:26','2015-03-21 18:58:14'),(24,'Error qui repudiandae odit et quae est possimus. Et et ut omnis ab. Et repellat earum nihil occaecati illo libero.','2019-03-31 16:19:36','2021-05-26 10:37:08'),(25,'Magnam ad aut occaecati sapiente quasi ut qui odio. Qui quas fugiat impedit commodi. Quo quaerat quos qui et.','2015-01-14 08:51:49','2021-05-26 10:37:08'),(26,'Fugiat error doloremque veniam adipisci assumenda accusamus. Beatae ut neque ipsam et. Cumque omnis atque autem est. Voluptatibus nihil id eveniet ut quis voluptate.','2021-01-27 09:18:17','2021-05-26 10:37:08'),(27,'Accusantium quasi atque porro tempore similique architecto. Rerum et voluptatem mollitia minus quasi enim voluptatum. Reprehenderit placeat ipsam officia illum commodi accusantium voluptas. Et veritatis dolorem quos.','2017-11-14 01:22:45','2018-06-03 03:19:32'),(28,'Ipsa laudantium quos omnis perspiciatis ex consequatur. Omnis voluptatem eum aperiam perferendis ullam aperiam. Provident placeat quibusdam qui harum laudantium et rerum.','2019-08-27 19:19:41','2021-05-26 10:37:08'),(29,'Occaecati tempore minima perferendis laudantium. Libero enim hic sit repudiandae qui neque. Est illo et quibusdam molestiae tempora dolores unde. Consectetur minus vel aliquam sint.','2017-01-10 04:21:33','2021-05-26 10:37:08'),(30,'Facilis odio consequuntur pariatur nihil aut illo quia. Neque aut eos explicabo totam neque ducimus. Necessitatibus fuga aliquid modi reprehenderit inventore aut magni.','2017-09-08 05:00:02','2021-05-26 10:37:08'),(31,'Quidem architecto ratione excepturi nemo saepe. Placeat libero dolores placeat et nam. Occaecati nisi sint unde eos.','2012-11-18 02:51:36','2016-11-13 01:05:46'),(32,'Rem totam quo voluptatem esse eligendi quia ducimus. Ut saepe voluptatem quia dignissimos. Aut sapiente expedita suscipit. Maiores molestias quisquam aut magnam at temporibus voluptatem.','2020-05-29 12:43:15','2021-05-26 10:37:08'),(33,'Odit exercitationem voluptas dolore sint itaque sapiente. Harum minus sunt ea quod ab dolorem. Inventore dignissimos architecto tenetur temporibus. Soluta debitis illum dolores quisquam error cupiditate debitis.','2020-01-09 07:10:10','2021-03-30 09:51:34'),(34,'Est illo voluptatem dolores in. Aut commodi mollitia qui voluptatem. Dicta unde tempora natus aut.','2015-11-08 15:20:56','2021-05-26 10:37:08'),(35,'Repellendus fuga qui ipsum cumque. Sequi architecto non et qui sint quisquam voluptate. Et dicta perferendis aut est necessitatibus aspernatur quis. Dolore voluptates eos autem voluptas praesentium.','2014-07-01 01:00:45','2019-10-12 22:53:20'),(36,'Facilis minima amet ut sit. Earum corporis sit maiores praesentium qui quis aut. Totam est tempore distinctio ipsum qui qui. Sequi et quo sunt voluptas.','2011-07-04 17:14:27','2016-06-10 19:53:36'),(37,'Quis dignissimos magni vel error. Dolorum sapiente debitis quia impedit vero velit. Est qui sequi ut quod consequatur magni id.','2018-10-14 18:50:38','2021-05-26 10:37:08'),(38,'Id voluptas numquam pariatur mollitia exercitationem aliquid et. Doloribus ut consequatur ea quasi dolor repellendus. Laudantium voluptatibus rem at ab et. Dolor similique aut at totam.','2020-07-13 00:09:41','2021-05-26 10:37:08'),(39,'Voluptas laboriosam eos magni libero harum. Non sunt velit et. A culpa atque suscipit a voluptatem quia. Ut ut sed aut expedita quisquam eum nihil.','2011-09-04 12:04:11','2016-04-15 02:49:38'),(40,'Maiores et et illum dolorum. Est qui impedit laudantium ut. Illo sunt voluptatem nam aliquam.','2013-12-13 19:55:12','2016-01-26 21:08:43'),(41,'Eligendi dicta inventore autem amet suscipit et. Natus dicta dolor dolor. Facilis et et maxime esse similique et ullam. Asperiores rerum voluptatem quidem autem vel sint dicta placeat.','2020-03-02 18:30:46','2021-05-26 10:37:08'),(42,'Quo quo atque cum odio qui dolores officiis. Ducimus rem quo quis officia. Quia aut enim soluta eaque neque. Cupiditate officia recusandae magnam et similique beatae.','2017-06-18 22:57:31','2019-04-02 14:16:36'),(43,'Et ea est accusamus quos et assumenda distinctio eos. Et in voluptatem et aperiam officiis itaque. Aut ut optio eaque repellendus consectetur modi. Minus libero pariatur repudiandae ut sint quos minima.','2013-10-03 17:40:09','2018-02-16 01:17:51'),(44,'Repellendus qui et ut quod aliquid architecto blanditiis. Quia nostrum commodi numquam nam quae eveniet. Tempora dolores quo possimus quidem. Et quia eveniet ex ad.','2013-06-28 20:58:50','2018-02-04 10:57:05'),(45,'Aspernatur neque sed architecto quos ullam sed inventore. Consequatur quos consequatur natus id. Modi et harum dolorum vel et placeat neque.','2014-05-31 07:33:43','2015-10-07 03:57:30'),(46,'Dignissimos placeat excepturi id. Culpa est rerum iure impedit non culpa tenetur. Voluptatum laboriosam est nesciunt iste minima placeat.','2017-02-04 18:46:16','2021-05-26 10:37:08'),(47,'Suscipit optio cupiditate excepturi nam animi. Vel aspernatur expedita quod laudantium. Optio sed tempora fugiat rem nihil ab aspernatur.','2015-02-18 07:38:48','2015-06-04 09:19:33'),(48,'Quidem beatae mollitia possimus hic explicabo fugit in rem. Nihil non a inventore facere quaerat. Ducimus aperiam voluptatem veniam rem id sint.','2017-09-27 17:16:32','2020-06-10 12:36:45'),(49,'Quo ut eveniet earum rerum vel. Minima unde quasi voluptates quisquam maiores. Distinctio sunt magni quam modi illum. Voluptatem veniam ad non magni.','2015-08-10 23:55:39','2021-05-26 10:37:08'),(50,'Voluptas omnis sunt sed nihil dolores recusandae asperiores. Quo libero repellat et nemo vero. Maxime nihil nulla mollitia.','2013-10-08 18:00:11','2018-02-22 18:23:08'),(51,'Quia non perferendis repudiandae est aut quis. Dolore assumenda saepe aut porro quis. Dignissimos voluptatem praesentium tempore molestias vitae quidem accusantium aut.','2015-07-10 11:19:37','2021-05-26 10:37:08'),(52,'Sed et nulla velit velit aliquid excepturi. Qui ad officia quae fuga.','2020-12-18 01:00:59','2021-05-26 10:37:08'),(53,'Perspiciatis ut porro quas incidunt. Possimus expedita assumenda et perspiciatis eius. Et sit non voluptate esse nesciunt.','2012-05-20 15:14:03','2019-06-10 16:17:17'),(54,'Quia sequi qui provident quam et ea. Et esse laborum earum dolor hic maxime ad. Suscipit quibusdam amet sed numquam.','2017-04-09 11:01:01','2019-02-19 19:07:28'),(55,'Deleniti totam et modi debitis temporibus. Recusandae ab et consectetur inventore. Quae ipsa aperiam cum voluptatem blanditiis.','2017-08-29 08:35:56','2021-05-26 10:37:08'),(56,'Cum temporibus suscipit quod. Et impedit iste minus porro optio. Molestias et temporibus illo quae culpa ad sint.','2018-12-27 14:12:41','2021-05-26 10:37:08'),(57,'Veniam et doloribus magni. Et enim rerum velit inventore esse. Accusantium vitae et quis dolorum in. Voluptatem magni iste sit laudantium.','2017-07-22 15:24:12','2021-05-26 10:37:08'),(58,'Quo sapiente et dolor velit cupiditate aut aut eligendi. Impedit vero maiores quam minima.','2013-12-17 01:44:03','2015-01-24 21:45:15'),(59,'Porro numquam architecto recusandae quia similique delectus quasi. Dolores ut enim officia fuga consequatur fugit consequatur et. Et deserunt minus dolore ut sit corporis et.','2019-01-26 06:40:31','2021-05-26 10:37:08'),(60,'Quaerat provident explicabo in facilis amet quam dolor. Aut delectus ab quibusdam atque. Numquam aut ut omnis eaque unde. Et et vitae illum voluptas molestiae rerum nemo.','2011-08-06 00:05:13','2021-05-26 10:37:08'),(61,'At sit molestiae error reprehenderit provident facilis maiores non. Veniam incidunt tempora autem odit voluptatem. Laborum ad pariatur sapiente similique vitae repellat necessitatibus. Aut sunt qui quia.','2014-10-16 12:43:52','2017-04-11 05:04:59'),(62,'Beatae consequatur provident accusantium voluptatem est libero hic. Molestias sapiente quia et provident ut numquam blanditiis. Praesentium ipsa dolorem quisquam eveniet. Ea dolor suscipit inventore sit ipsa et.','2017-07-21 13:04:00','2021-05-26 10:37:08'),(63,'Atque velit possimus et molestiae eos et nulla. Voluptas consectetur laudantium tenetur aut soluta adipisci. Itaque laudantium amet dolores provident ex.','2014-03-14 20:08:34','2021-05-26 10:37:08'),(64,'Pariatur doloremque architecto quo rerum id saepe neque. Asperiores corporis sunt a et. Qui similique pariatur iste asperiores. Dolor commodi rem ea at iusto ut cumque et.','2017-10-01 13:04:21','2021-05-07 20:51:43'),(65,'Laudantium incidunt molestiae dolorem aperiam quo officia deleniti. Inventore itaque debitis qui. At explicabo pariatur explicabo soluta ipsum animi. Pariatur numquam voluptatem officia aliquid eos occaecati reiciendis.','2020-06-01 22:16:02','2021-05-26 10:37:08'),(66,'Veritatis odit nihil accusantium aspernatur aut et. Aspernatur qui quia consequuntur sint cum ipsa. Non dignissimos et ea at mollitia magnam.','2021-01-23 02:28:52','2021-05-26 10:37:08'),(67,'Vel aut debitis eveniet natus velit sunt. In amet amet sequi labore cumque nihil hic.','2012-09-28 11:07:35','2021-05-26 10:37:08'),(68,'Eum quod consequatur ex provident eos. Quo eveniet nesciunt provident corrupti aut sit. Sit voluptas sed aut. Cum iste deleniti quo hic quisquam.','2014-04-04 20:47:06','2019-03-17 13:30:41'),(69,'Autem tempore voluptas nisi sint. Aliquam in fugiat ex sit consequatur blanditiis. Explicabo quis est voluptas laudantium. Rem qui vel dolorem.','2012-06-15 14:54:18','2013-03-14 21:29:31'),(70,'Rerum omnis perferendis dolores officia mollitia. Sed qui neque optio aperiam aliquid est dolores ipsum.','2014-08-02 08:22:29','2020-11-22 17:43:13'),(71,'Voluptas repellendus nesciunt alias quis qui vitae. Tempore minus dolorem dolores sunt qui molestiae placeat. Repellendus est facere eos tempore ipsam.','2017-05-22 04:22:54','2020-12-04 05:00:34'),(72,'Excepturi omnis in iste perferendis consequuntur. Suscipit id quos autem repudiandae illum quo veritatis atque. Voluptatem impedit et et totam. Modi aspernatur esse quidem et.','2019-01-09 18:27:05','2020-12-26 05:35:19'),(73,'Voluptas sed quo quo. Rerum tempore nemo maiores sed et. Temporibus officiis quae quia voluptatem iure. Dolorem rerum expedita dolore magnam.','2016-10-02 16:19:03','2020-03-07 02:49:10'),(74,'Aspernatur ipsam veritatis qui et et. Quaerat tenetur dignissimos tenetur libero. Cumque et voluptate dolores qui sunt ea dolor. Aut corporis recusandae cupiditate blanditiis.','2016-12-21 16:23:38','2021-05-26 10:37:08'),(75,'Voluptas labore harum mollitia cum. Sunt praesentium quasi aliquam et.','2012-11-08 06:31:13','2016-11-16 05:39:12'),(76,'Odio aut dolores hic voluptatem in. Dolore ratione nostrum iste. Unde deserunt fuga ut quis laudantium expedita.','2016-02-04 13:31:34','2017-03-06 12:24:09'),(77,'Porro eveniet iusto rerum qui expedita consectetur. Ea fugit iste facilis magnam. Nam perspiciatis aut qui repellendus.','2017-03-04 22:25:46','2017-05-16 01:14:54'),(78,'Fuga maiores error quae praesentium sed. Architecto et cumque excepturi est debitis aliquid molestiae. Tempora quos laborum esse nihil eos. Quaerat possimus ut dolorum sit dolorum aut.','2019-12-27 18:13:18','2020-08-01 01:16:05'),(79,'Quis sint cumque ut odio explicabo perferendis aut facilis. Ut rerum asperiores fuga veniam aperiam modi assumenda. Aut voluptas odit est ipsam.','2012-09-28 08:55:07','2020-01-21 09:45:45'),(80,'Veritatis voluptates ut et et voluptas. Nulla incidunt vitae aperiam voluptate numquam ut. Repellendus ut fugit dolor quos sunt expedita. Perferendis tenetur illum consequuntur fugit et dignissimos qui consequatur.','2016-08-23 06:59:44','2021-05-26 10:37:08'),(81,'Et est beatae consectetur sunt aperiam ad tempore. Molestiae nemo et dolorem. Et alias ut debitis. Dolorem aut labore soluta.','2020-08-20 12:54:09','2021-05-26 10:37:08'),(82,'Vel culpa qui deleniti fuga quibusdam. Et autem ad et incidunt est. Est reiciendis aut voluptas placeat.','2018-06-11 21:57:15','2018-11-28 02:17:07'),(83,'Nemo ipsa beatae dolores corporis. Et cumque voluptatem ipsum quae natus laborum. Nihil quia cupiditate tempore. Suscipit molestias quidem enim ea voluptatem rem. Quia perferendis ut incidunt.','2012-07-05 22:19:10','2012-11-25 13:22:45'),(84,'Tempore deserunt alias nesciunt possimus blanditiis sed iure. Enim ut enim rerum dignissimos vel reiciendis maxime reiciendis. Perferendis dolorem neque qui. Asperiores consectetur qui non asperiores officia velit architecto.','2014-11-14 11:38:57','2016-08-07 02:06:44'),(85,'Ullam placeat totam nostrum dignissimos delectus. Expedita dolore quos velit placeat. Quos nemo cumque necessitatibus nisi sed consequatur.','2017-07-21 01:40:00','2021-05-26 10:37:08'),(86,'A praesentium libero consequuntur commodi excepturi animi id. Aliquid eligendi voluptate id expedita. Sed quis molestiae facilis non autem at aut. Ipsum aut ut odit praesentium blanditiis.','2013-09-06 21:34:28','2020-03-28 09:32:20'),(87,'Veritatis architecto omnis quo iure natus. Ut repellendus quisquam in eveniet rerum dolorem dolor esse. Ex itaque deleniti est tenetur.','2012-09-20 03:38:23','2015-10-23 13:08:25'),(88,'Consequuntur voluptas excepturi omnis eius earum ducimus minima architecto. Sunt velit laborum nisi illo mollitia. Minima quia aliquam molestiae quia ut. Quaerat sint nihil voluptatum ex facilis et.','2013-02-01 04:26:33','2017-01-31 04:13:55'),(89,'Distinctio ut iure voluptas rerum. Velit ut ducimus earum modi. Impedit neque ratione deserunt et sit. Ut laborum autem nostrum consequatur ut libero officiis.','2018-04-10 18:04:42','2020-02-12 01:14:22'),(90,'Et reiciendis sunt dolorem magnam dicta ea. Qui impedit error labore est. Quo est officia accusamus. Ullam aut aut eum ea consequatur magnam. Est explicabo necessitatibus repudiandae voluptatem soluta qui consequatur.','2011-08-11 21:45:59','2021-02-02 00:13:58'),(91,'Nostrum et id laborum enim qui sit veniam nihil. Voluptas est voluptatem dolor est repudiandae minima libero. Eum aspernatur aperiam vero placeat quis quis.','2017-12-20 03:33:27','2020-12-20 09:27:37'),(92,'Laboriosam sint nihil occaecati. Cupiditate sit occaecati placeat ea. Ut quis natus impedit nihil ut.','2016-01-21 07:16:39','2021-05-26 10:37:08'),(93,'Id velit vel omnis dolores doloremque autem saepe. Molestiae voluptas officia labore et odit perspiciatis et. Recusandae non assumenda delectus qui distinctio dolorum ea sed. Fugiat commodi velit repudiandae.','2014-05-28 04:00:20','2021-05-26 10:37:08'),(94,'Facilis cumque dignissimos laboriosam commodi sit aut optio neque. Ratione dignissimos sed repudiandae similique sint distinctio. Atque sunt aut distinctio odio.','2012-04-01 22:49:38','2018-04-24 15:35:51'),(95,'Dolorem inventore quae deserunt nesciunt voluptatem ut. Voluptate consectetur quia ad molestias. Eligendi aut aliquid error temporibus. Aut aperiam quia dicta aut incidunt quibusdam possimus consequatur.','2012-08-02 13:00:06','2018-06-25 08:36:38'),(96,'Unde debitis nostrum consectetur. Rerum nisi et illum accusantium quibusdam.','2019-09-25 00:48:09','2021-05-26 10:37:08'),(97,'Et provident provident a ut repellat. Eos sapiente doloribus sit et aliquam. Recusandae asperiores magni placeat aut optio delectus architecto. Aut et non quod. Eligendi accusamus animi est est.','2020-04-13 17:30:59','2021-05-26 10:37:08'),(98,'Reprehenderit exercitationem soluta pariatur placeat magni rerum. Ea hic et ex quasi. Ut qui maxime voluptate quam.','2017-03-29 11:41:49','2021-03-30 14:12:12'),(99,'Deserunt quos nisi exercitationem voluptates quod. Accusantium delectus qui sunt ut molestias. Quaerat suscipit accusamus explicabo dolor non saepe quia. Atque itaque quo a minima.','2017-04-17 23:18:43','2017-08-03 21:32:24'),(100,'Provident deleniti sint voluptate ea. Eius a occaecati eveniet voluptatem est. Earum nam ipsum est repellat id id numquam debitis. Optio expedita accusamus quibusdam.','2016-10-12 20:55:32','2021-05-26 10:37:08');
/*!40000 ALTER TABLE `goods_description` ENABLE KEYS */;
UNLOCK TABLES;

--
-- Table structure for table `orders`
--

DROP TABLE IF EXISTS `orders`;
/*!40101 SET @saved_cs_client     = @@character_set_client */;
/*!50503 SET character_set_client = utf8mb4 */;
CREATE TABLE `orders` (
  `id` int unsigned NOT NULL AUTO_INCREMENT COMMENT 'Идентификатор заказа',
  `from_company_id` int unsigned NOT NULL COMMENT 'Ссылка на компанию отправителя заказа',
  `to_company_id` int unsigned NOT NULL COMMENT 'Ссылка на компанию получателя заказа',
  `from_user_id` int unsigned NOT NULL COMMENT 'Ссылка на отправителя заказа',
  `to_user_id` int unsigned DEFAULT NULL COMMENT 'Ссылка на получателя заказа',
  `paid_at` datetime DEFAULT NULL COMMENT 'Дата получения оплаты',
  `shipped_at` timestamp NULL DEFAULT NULL,
  `created_at` datetime DEFAULT CURRENT_TIMESTAMP COMMENT 'Время создания строки',
  `updated_at` datetime DEFAULT CURRENT_TIMESTAMP ON UPDATE CURRENT_TIMESTAMP COMMENT 'Время обновления строки',
  PRIMARY KEY (`id`),
  KEY `orders_to_company_id_fk` (`to_company_id`),
  KEY `orders_from_user_id_fk` (`from_user_id`),
  KEY `orders_to_user_id_fk` (`to_user_id`),
  KEY `orders_from_company_id_fk` (`from_company_id`),
  CONSTRAINT `orders_from_company_id_fk` FOREIGN KEY (`from_company_id`) REFERENCES `companies` (`id`),
  CONSTRAINT `orders_from_user_id_fk` FOREIGN KEY (`from_user_id`) REFERENCES `users` (`id`),
  CONSTRAINT `orders_to_company_id_fk` FOREIGN KEY (`to_company_id`) REFERENCES `companies` (`id`),
  CONSTRAINT `orders_to_user_id_fk` FOREIGN KEY (`to_user_id`) REFERENCES `users` (`id`)
) ENGINE=InnoDB AUTO_INCREMENT=103 DEFAULT CHARSET=utf8mb4 COLLATE=utf8mb4_unicode_ci COMMENT='Заказы';
/*!40101 SET character_set_client = @saved_cs_client */;

--
-- Dumping data for table `orders`
--

LOCK TABLES `orders` WRITE;
/*!40000 ALTER TABLE `orders` DISABLE KEYS */;
INSERT INTO `orders` VALUES (1,1,55,10,12,'2021-05-12 08:10:35','2021-05-17 08:10:35','2020-11-14 14:40:51','2021-05-27 09:27:14'),(2,1,72,2,30,'2021-05-12 20:08:42','2021-05-14 20:08:42','2021-01-12 02:19:53','2021-05-27 11:33:19'),(3,1,95,8,16,'2021-05-09 20:14:47','2021-05-10 20:14:47','2020-12-09 13:10:11','2021-05-27 11:33:19'),(4,1,59,6,88,'2021-05-26 02:14:11','2021-05-30 02:14:11','2021-02-25 10:28:28','2021-05-27 11:33:19'),(5,1,5,7,93,'2021-05-19 04:04:33','2021-05-22 04:04:33','2020-10-30 14:02:42','2021-05-27 11:33:19'),(6,1,48,3,1,'2021-05-26 10:42:16','2021-05-28 10:42:16','2021-05-14 23:16:38','2021-05-27 11:33:19'),(7,1,21,3,26,'2021-04-29 14:03:42','2021-04-30 14:03:42','2020-09-17 17:18:30','2021-05-27 11:33:19'),(8,1,62,5,23,'2021-05-11 19:25:08','2021-05-15 19:25:08','2020-06-12 15:16:30','2021-05-27 11:33:19'),(9,1,46,8,40,'2021-05-26 10:42:16','2021-05-27 10:42:16','2021-05-23 03:59:25','2021-05-27 11:33:19'),(10,1,43,2,30,'2021-05-12 05:35:54','2021-05-14 05:35:54','2020-09-11 08:57:09','2021-05-27 11:33:19'),(11,1,74,5,28,'2021-05-23 11:17:45','2021-05-26 11:17:45','2021-03-22 10:07:02','2021-05-27 11:33:19'),(12,1,41,8,51,'2021-04-30 19:00:10','2021-05-04 19:00:10','2020-08-09 16:27:28','2021-05-27 11:33:19'),(13,1,82,5,69,'2021-05-19 21:27:44','2021-05-23 21:27:44','2021-01-06 10:59:57','2021-05-27 11:33:19'),(14,1,83,1,90,'2021-05-22 00:05:01','2021-05-25 00:05:01','2020-05-28 01:12:32','2021-05-27 11:33:19'),(15,1,67,9,44,'2021-05-15 18:04:10','2021-05-18 18:04:10','2021-02-03 22:35:28','2021-05-27 11:33:19'),(16,1,84,3,50,'2021-05-17 16:20:19','2021-05-21 16:20:19','2020-11-22 17:22:14','2021-05-27 11:33:19'),(17,1,19,5,16,'2021-05-17 18:52:02','2021-05-22 18:52:02','2021-01-22 17:10:39','2021-05-27 11:33:19'),(18,1,39,7,29,'2021-05-11 02:56:49','2021-05-12 02:56:49','2020-07-02 06:24:34','2021-05-27 11:33:19'),(19,1,39,10,96,'2021-04-27 04:15:37','2021-04-30 04:15:37','2020-10-19 17:34:30','2021-05-27 11:33:19'),(20,1,78,7,95,'2021-05-17 14:46:03','2021-05-20 14:46:03','2020-09-09 16:04:47','2021-05-27 11:33:19'),(21,1,70,5,84,'2021-05-20 17:36:17','2021-05-23 17:36:17','2021-01-14 06:45:59','2021-05-27 11:33:19'),(22,1,13,2,35,'2021-05-26 10:42:16','2021-05-31 10:42:16','2021-05-13 13:05:33','2021-05-27 09:27:14'),(23,1,54,5,25,'2021-05-10 10:39:07','2021-05-15 10:39:07','2020-05-30 17:26:03','2021-05-27 11:33:19'),(24,1,32,10,17,'2021-05-01 22:50:54','2021-05-03 22:50:54','2020-07-27 01:55:26','2021-05-27 11:33:19'),(25,1,93,3,9,'2021-05-03 19:35:42','2021-05-04 19:35:42','2020-11-06 02:08:07','2021-05-27 11:33:19'),(26,1,69,4,94,'2021-04-28 06:46:20','2021-04-29 06:46:20','2020-07-06 07:48:33','2021-05-27 11:33:19'),(27,1,65,2,44,'2021-05-04 01:47:11','2021-05-06 01:47:11','2020-12-02 04:28:51','2021-05-27 11:33:19'),(28,1,16,8,36,'2021-05-18 15:12:21','2021-05-20 15:12:21','2020-12-12 07:31:34','2021-05-27 11:33:19'),(29,1,83,2,48,'2021-05-23 18:05:22','2021-05-25 18:05:22','2020-08-13 20:05:41','2021-05-27 11:33:19'),(30,1,67,5,30,'2021-05-06 12:09:02','2021-05-07 12:09:02','2021-03-10 04:52:40','2021-05-27 11:33:19'),(31,1,85,10,6,'2021-05-20 18:52:04','2021-05-25 18:52:04','2021-03-20 01:13:31','2021-05-27 11:33:19'),(32,1,20,5,40,'2021-05-14 22:49:37','2021-05-17 22:49:37','2020-06-30 23:48:50','2021-05-27 11:33:19'),(33,1,46,3,83,'2021-05-24 13:26:14','2021-05-29 13:26:14','2020-06-05 09:52:23','2021-05-27 11:33:19'),(34,1,66,1,95,'2021-05-24 23:02:49','2021-05-29 23:02:49','2020-08-01 15:31:39','2021-05-27 11:33:19'),(35,1,91,6,25,'2021-05-19 15:50:41','2021-05-21 15:50:41','2021-05-07 01:10:46','2021-05-27 11:33:19'),(36,1,55,6,38,'2021-05-13 15:04:09','2021-05-16 15:04:09','2020-08-08 09:57:40','2021-05-27 11:33:19'),(37,1,99,10,16,'2021-05-12 20:59:18','2021-05-15 20:59:18','2021-04-09 01:50:46','2021-05-27 11:33:19'),(38,1,32,2,67,'2021-05-20 22:26:00','2021-05-25 22:26:00','2020-12-19 17:35:05','2021-05-27 11:33:19'),(39,1,59,10,85,'2021-05-24 13:41:16','2021-05-29 13:41:16','2021-01-21 06:48:28','2021-05-27 11:33:19'),(40,1,99,2,23,'2021-05-14 23:37:38','2021-05-19 23:37:38','2020-07-17 23:12:39','2021-05-27 11:33:19'),(41,1,17,1,61,'2021-05-04 08:43:23','2021-05-09 08:43:23','2021-02-08 22:04:30','2021-05-27 11:33:19'),(42,1,87,9,33,'2021-05-11 22:57:44','2021-05-15 22:57:44','2020-09-24 21:31:19','2021-05-27 11:33:19'),(43,1,82,10,82,'2021-05-05 14:33:53','2021-05-07 14:33:53','2021-01-22 23:25:00','2021-05-27 11:33:19'),(44,1,46,2,12,'2021-05-11 02:16:43','2021-05-15 02:16:43','2020-11-11 08:21:00','2021-05-27 11:33:19'),(45,1,84,10,15,'2021-05-22 20:29:20','2021-05-25 20:29:20','2021-05-13 15:37:54','2021-05-27 11:33:19'),(46,1,79,5,35,'2021-05-01 13:02:28','2021-05-06 13:02:28','2020-05-28 11:44:27','2021-05-27 11:33:19'),(47,1,44,5,31,'2021-04-30 07:24:32','2021-05-05 07:24:32','2020-10-04 22:21:50','2021-05-27 11:33:19'),(48,1,80,9,49,'2021-05-03 18:06:10','2021-05-06 18:06:10','2021-01-24 04:55:56','2021-05-27 11:33:19'),(49,1,68,1,54,'2021-05-17 04:33:51','2021-05-20 04:33:51','2020-08-16 03:50:29','2021-05-27 11:33:19'),(50,1,97,7,19,'2021-05-16 03:39:20','2021-05-20 03:39:20','2020-06-10 03:36:40','2021-05-27 11:33:19'),(51,1,82,10,36,'2021-05-23 06:29:11','2021-05-26 06:29:11','2021-01-08 00:21:33','2021-05-27 11:33:19'),(52,1,14,10,19,'2021-05-13 12:48:09','2021-05-16 12:48:09','2021-02-26 17:27:45','2021-05-27 11:33:19'),(53,1,24,9,88,'2021-05-10 03:14:25','2021-05-12 03:14:25','2021-02-19 15:28:01','2021-05-27 11:33:19'),(54,1,75,6,83,'2021-05-26 10:42:16','2021-05-30 10:42:16','2021-05-06 17:20:26','2021-05-27 11:33:19'),(55,1,2,1,51,'2021-05-02 00:52:14','2021-05-05 00:52:14','2020-07-20 00:49:41','2021-05-27 11:33:19'),(56,1,86,8,6,'2021-05-15 22:45:11','2021-05-19 22:45:11','2020-08-11 14:26:47','2021-05-27 11:33:19'),(57,1,20,4,77,'2021-05-26 03:35:39','2021-05-30 03:35:39','2020-12-10 06:33:15','2021-05-27 11:33:19'),(58,1,43,6,64,'2021-05-25 11:11:02','2021-05-29 11:11:02','2020-09-30 22:07:28','2021-05-27 11:33:19'),(59,1,52,9,88,'2021-05-25 18:47:31','2021-05-27 18:47:31','2020-10-09 09:56:09','2021-05-27 11:33:19'),(60,1,28,5,48,'2021-05-14 12:30:59','2021-05-18 12:30:59','2020-07-30 14:05:53','2021-05-27 11:33:19'),(61,1,85,9,77,'2021-05-07 10:11:09','2021-05-11 10:11:09','2020-08-01 13:54:11','2021-05-27 11:33:19'),(62,1,38,9,38,'2021-05-11 20:15:09','2021-05-15 20:15:09','2020-05-29 23:32:19','2021-05-27 11:33:19'),(63,1,34,8,61,'2021-05-16 18:45:32','2021-05-21 18:45:32','2021-04-15 00:01:51','2021-05-27 11:33:19'),(64,1,53,2,90,'2021-05-24 16:34:25','2021-05-27 16:34:25','2020-08-15 15:59:01','2021-05-27 11:33:19'),(65,1,64,7,66,'2021-05-21 01:46:18','2021-05-26 01:46:18','2020-07-31 09:16:49','2021-05-27 11:33:19'),(66,1,59,9,58,'2021-04-29 00:44:01','2021-05-02 00:44:01','2021-04-03 10:33:08','2021-05-27 11:33:19'),(67,1,100,1,93,'2021-05-22 03:48:31','2021-05-23 03:48:31','2021-04-16 00:23:35','2021-05-27 11:33:19'),(68,1,24,10,90,'2021-04-29 18:45:58','2021-05-04 18:45:58','2020-09-09 21:06:40','2021-05-27 11:33:19'),(69,1,18,4,71,'2021-05-07 17:00:24','2021-05-08 17:00:24','2020-06-20 19:51:12','2021-05-27 11:33:19'),(70,1,16,1,86,'2021-04-29 23:48:50','2021-05-03 23:48:50','2020-06-24 04:06:05','2021-05-27 11:33:19'),(71,1,23,3,13,'2021-05-24 16:04:53','2021-05-25 16:04:53','2021-03-23 04:05:05','2021-05-27 11:33:19'),(72,1,68,3,9,'2021-04-30 23:20:31','2021-05-01 23:20:31','2020-07-19 13:11:22','2021-05-27 11:33:19'),(73,1,68,2,4,'2021-05-23 01:29:20','2021-05-28 01:29:20','2020-06-04 17:53:01','2021-05-27 11:33:19'),(74,1,36,2,94,'2021-05-26 06:48:37','2021-05-29 06:48:37','2021-04-04 06:05:05','2021-05-27 11:33:19'),(75,1,74,5,57,'2021-05-14 04:25:30','2021-05-17 04:25:30','2020-11-28 16:52:03','2021-05-27 11:33:19'),(76,1,61,9,2,'2021-05-03 11:39:17','2021-05-06 11:39:17','2021-04-16 07:58:59','2021-05-27 11:33:19'),(77,1,83,7,40,'2021-05-18 12:04:05','2021-05-19 12:04:05','2020-10-30 03:53:57','2021-05-27 11:33:19'),(78,1,28,8,94,'2021-05-16 07:24:47','2021-05-18 07:24:47','2020-11-26 10:01:14','2021-05-27 11:33:19'),(79,1,91,10,50,'2021-05-20 20:32:27','2021-05-24 20:32:27','2020-10-08 03:15:59','2021-05-27 11:33:19'),(80,1,69,5,68,'2021-05-10 23:29:56','2021-05-15 23:29:56','2021-03-22 20:27:31','2021-05-27 11:33:19'),(81,1,69,4,90,'2021-05-15 11:57:05','2021-05-19 11:57:05','2020-06-08 09:34:03','2021-05-27 11:33:19'),(82,1,39,3,44,'2021-05-21 19:59:51','2021-05-23 19:59:51','2020-07-26 03:16:11','2021-05-27 11:33:19'),(83,1,85,3,48,'2021-04-27 01:48:49','2021-05-02 01:48:49','2020-06-12 21:18:56','2021-05-27 11:33:19'),(84,1,7,6,8,'2021-05-06 09:12:36','2021-05-07 09:12:36','2021-01-23 01:41:56','2021-05-27 11:33:19'),(85,1,79,10,98,'2021-04-28 00:01:52','2021-05-03 00:01:52','2020-12-02 05:46:57','2021-05-27 11:33:19'),(86,1,71,3,63,'2021-04-28 21:05:40','2021-04-30 21:05:40','2020-07-21 06:33:52','2021-05-27 11:33:19'),(87,1,17,2,23,'2021-05-12 18:05:13','2021-05-15 18:05:13','2021-02-20 21:15:07','2021-05-27 11:33:19'),(88,1,71,1,25,'2021-04-28 03:25:41','2021-04-30 03:25:41','2020-08-12 23:52:42','2021-05-27 11:33:19'),(89,1,3,7,57,'2021-05-22 20:41:46','2021-05-26 20:41:46','2021-04-09 02:28:23','2021-05-27 11:33:19'),(90,1,100,3,9,'2021-05-05 19:50:46','2021-05-07 19:50:46','2020-09-28 17:45:25','2021-05-27 11:33:19'),(91,1,91,5,72,'2021-05-14 23:42:19','2021-05-17 23:42:19','2021-01-24 17:06:05','2021-05-27 11:33:19'),(92,1,51,6,34,'2021-04-28 12:27:08','2021-05-03 12:27:08','2020-10-15 06:12:42','2021-05-27 11:33:19'),(93,1,80,2,51,'2021-05-15 08:39:43','2021-05-20 08:39:43','2020-12-14 12:02:15','2021-05-27 11:33:19'),(94,1,48,2,56,'2021-05-18 11:28:09','2021-05-23 11:28:09','2020-06-16 10:03:51','2021-05-27 11:33:19'),(95,1,98,3,24,'2021-05-11 20:09:35','2021-05-15 20:09:35','2020-11-26 23:18:30','2021-05-27 11:33:19'),(96,1,44,1,52,'2021-05-20 10:34:50','2021-05-23 10:34:50','2021-05-13 06:41:59','2021-05-27 11:33:19'),(97,1,24,4,88,'2021-05-21 18:25:04','2021-05-26 18:25:04','2020-07-25 16:04:19','2021-05-27 11:33:19'),(98,1,86,7,82,'2021-05-09 20:45:52','2021-05-13 20:45:52','2021-01-09 12:05:29','2021-05-27 11:33:19'),(99,1,58,10,45,'2021-05-04 12:35:01','2021-05-05 12:35:01','2021-04-10 10:09:43','2021-05-27 11:33:19'),(100,1,29,1,80,'2021-05-11 22:22:31','2021-05-14 22:22:31','2020-06-17 08:00:48','2021-05-27 11:33:19');
/*!40000 ALTER TABLE `orders` ENABLE KEYS */;
UNLOCK TABLES;
/*!50003 SET @saved_cs_client      = @@character_set_client */ ;
/*!50003 SET @saved_cs_results     = @@character_set_results */ ;
/*!50003 SET @saved_col_connection = @@collation_connection */ ;
/*!50003 SET character_set_client  = utf8mb4 */ ;
/*!50003 SET character_set_results = utf8mb4 */ ;
/*!50003 SET collation_connection  = utf8mb4_0900_ai_ci */ ;
/*!50003 SET @saved_sql_mode       = @@sql_mode */ ;
/*!50003 SET sql_mode              = 'ONLY_FULL_GROUP_BY,STRICT_TRANS_TABLES,NO_ZERO_IN_DATE,NO_ZERO_DATE,ERROR_FOR_DIVISION_BY_ZERO,NO_ENGINE_SUBSTITUTION' */ ;
DELIMITER ;;
/*!50003 CREATE*/ /*!50017 DEFINER=`root`@`localhost`*/ /*!50003 TRIGGER `check_insert` BEFORE INSERT ON `orders` FOR EACH ROW BEGIN 
	IF NEW.shipped_at < NEW.paid_at OR NEW.shipped_at IS NOT NULL AND NEW.paid_at IS NULL
		THEN SIGNAL SQLSTATE '45000' SET MESSAGE_TEXT = 'Нельзя отправлять заказ до оплаты';
	END IF;	
END */;;
DELIMITER ;
/*!50003 SET sql_mode              = @saved_sql_mode */ ;
/*!50003 SET character_set_client  = @saved_cs_client */ ;
/*!50003 SET character_set_results = @saved_cs_results */ ;
/*!50003 SET collation_connection  = @saved_col_connection */ ;

--
-- Table structure for table `orders_goods`
--

DROP TABLE IF EXISTS `orders_goods`;
/*!40101 SET @saved_cs_client     = @@character_set_client */;
/*!50503 SET character_set_client = utf8mb4 */;
CREATE TABLE `orders_goods` (
  `order_id` int unsigned NOT NULL,
  `goods_id` int unsigned NOT NULL COMMENT 'Ссылка на товар',
  `created_at` datetime DEFAULT CURRENT_TIMESTAMP COMMENT 'Время создания строки',
  `updated_at` datetime DEFAULT CURRENT_TIMESTAMP ON UPDATE CURRENT_TIMESTAMP COMMENT 'Время обновления строки',
  PRIMARY KEY (`order_id`,`goods_id`),
  KEY `orders_goods_goods_id_fk` (`goods_id`),
  CONSTRAINT `orders_goods_goods_id_fk` FOREIGN KEY (`goods_id`) REFERENCES `goods` (`id`),
  CONSTRAINT `orders_goods_order_id_fk` FOREIGN KEY (`order_id`) REFERENCES `orders` (`id`) ON DELETE CASCADE
) ENGINE=InnoDB DEFAULT CHARSET=utf8mb4 COLLATE=utf8mb4_unicode_ci COMMENT='Товары в заказе';
/*!40101 SET character_set_client = @saved_cs_client */;

--
-- Dumping data for table `orders_goods`
--

LOCK TABLES `orders_goods` WRITE;
/*!40000 ALTER TABLE `orders_goods` DISABLE KEYS */;
INSERT INTO `orders_goods` VALUES (1,63,'2020-11-24 10:55:43','2021-05-26 10:45:12'),(2,76,'2021-05-14 07:30:15','2021-05-26 10:45:12'),(3,89,'2020-11-03 16:07:47','2021-05-26 10:45:12'),(4,17,'2020-10-15 16:24:05','2021-05-26 10:45:12'),(5,16,'2020-10-31 18:48:07','2021-05-26 10:45:12'),(6,31,'2020-10-22 21:58:59','2021-05-26 10:45:12'),(7,4,'2020-12-13 17:53:14','2021-05-26 10:45:12'),(8,26,'2020-06-14 04:38:26','2021-05-26 10:45:12'),(9,17,'2021-01-02 13:10:15','2021-05-26 10:45:12'),(10,7,'2020-07-12 15:50:18','2021-05-26 10:45:12'),(11,83,'2020-11-27 14:43:31','2021-05-26 10:45:12'),(12,95,'2021-05-21 01:11:07','2021-05-26 10:45:12'),(13,23,'2020-10-26 11:24:14','2021-05-26 10:45:12'),(14,32,'2020-08-25 06:34:03','2021-05-26 10:45:12'),(15,92,'2021-01-20 18:39:50','2021-05-26 10:45:12'),(16,60,'2020-09-02 19:28:21','2021-05-26 10:45:12'),(17,25,'2020-07-06 10:41:27','2021-05-26 10:45:12'),(18,44,'2021-02-14 01:40:19','2021-05-26 10:45:12'),(19,46,'2021-04-22 04:00:24','2021-05-26 10:45:12'),(20,95,'2020-09-01 07:30:39','2021-05-26 10:45:12'),(21,38,'2021-03-20 23:55:37','2021-05-26 10:45:12'),(22,5,'2021-05-13 21:37:16','2021-05-26 10:45:12'),(23,8,'2020-07-01 15:55:49','2021-05-26 10:45:12'),(24,26,'2020-11-04 14:26:27','2021-05-26 10:45:12'),(25,4,'2020-09-06 01:19:36','2021-05-26 10:45:12'),(26,44,'2020-10-11 02:53:07','2021-05-26 10:45:12'),(27,4,'2020-08-15 20:32:09','2021-05-26 10:45:12'),(28,91,'2021-05-20 05:43:37','2021-05-26 10:45:12'),(29,41,'2020-11-08 11:12:23','2021-05-26 10:45:12'),(30,32,'2020-11-20 01:02:09','2021-05-26 10:45:12'),(31,36,'2020-07-08 06:19:22','2021-05-26 10:45:12'),(32,82,'2020-10-25 00:40:10','2021-05-26 10:45:12'),(33,1,'2021-04-06 04:33:56','2021-05-26 10:45:12'),(34,60,'2020-09-20 16:16:16','2021-05-26 10:45:12'),(35,94,'2020-09-09 22:56:14','2021-05-26 10:45:12'),(36,92,'2021-05-18 04:47:50','2021-05-26 10:45:12'),(37,75,'2020-12-25 10:03:47','2021-05-26 10:45:12'),(38,2,'2020-09-03 19:00:25','2021-05-26 10:45:12'),(39,81,'2021-05-25 00:03:26','2021-05-26 10:45:12'),(40,100,'2020-06-17 13:31:50','2021-05-26 10:45:12'),(41,57,'2020-12-09 13:33:02','2021-05-26 10:45:12'),(42,84,'2021-01-06 15:14:55','2021-05-26 10:45:12'),(43,49,'2020-08-29 22:59:01','2021-05-26 10:45:12'),(44,93,'2020-12-02 22:08:55','2021-05-26 10:45:12'),(45,18,'2020-09-13 02:14:20','2021-05-26 10:45:12'),(46,8,'2020-12-22 13:40:50','2021-05-26 10:45:12'),(47,88,'2021-01-08 00:55:05','2021-05-26 10:45:12'),(48,15,'2020-10-22 07:06:27','2021-05-26 10:45:12'),(49,10,'2020-07-22 14:39:27','2021-05-26 10:45:12'),(50,7,'2020-08-26 02:34:28','2021-05-26 10:45:12'),(51,2,'2021-01-02 01:28:07','2021-05-26 10:45:12'),(52,89,'2020-12-11 12:22:42','2021-05-26 10:45:12'),(53,37,'2021-03-06 05:17:27','2021-05-26 10:45:12'),(54,20,'2020-07-17 12:08:09','2021-05-26 10:45:12'),(55,86,'2020-06-16 10:05:36','2021-05-26 10:45:12'),(56,69,'2020-06-25 13:42:11','2021-05-26 10:45:12'),(57,88,'2021-02-24 05:37:47','2021-05-26 10:45:12'),(58,30,'2021-01-16 17:40:39','2021-05-26 10:45:12'),(59,88,'2021-01-25 06:26:48','2021-05-26 10:45:12'),(60,49,'2021-01-06 12:44:58','2021-05-26 10:45:12'),(61,81,'2021-04-16 02:21:22','2021-05-26 10:45:12'),(62,56,'2021-01-08 04:43:12','2021-05-26 10:45:12'),(63,38,'2020-08-25 14:30:28','2021-05-26 10:45:12'),(64,21,'2020-11-23 22:39:55','2021-05-26 10:45:12'),(65,91,'2020-10-12 19:32:49','2021-05-26 10:45:12'),(66,89,'2021-01-19 11:16:14','2021-05-26 10:45:12'),(67,73,'2021-01-30 06:48:49','2021-05-26 10:45:12'),(68,98,'2020-10-02 08:53:45','2021-05-26 10:45:12'),(69,71,'2020-06-27 09:04:00','2021-05-26 10:45:12'),(70,61,'2020-10-22 04:44:13','2021-05-26 10:45:12'),(71,91,'2020-08-27 06:54:33','2021-05-26 10:45:12'),(72,71,'2020-07-01 19:38:10','2021-05-26 10:45:12'),(73,80,'2021-02-18 11:53:50','2021-05-26 10:45:12'),(74,89,'2020-07-31 13:49:48','2021-05-26 10:45:12'),(75,5,'2021-05-06 19:27:16','2021-05-26 10:45:12'),(76,57,'2020-06-09 21:32:33','2021-05-26 10:45:12'),(77,69,'2020-10-10 14:35:25','2021-05-26 10:45:12'),(78,74,'2021-04-06 20:51:16','2021-05-26 10:45:12'),(79,62,'2020-09-23 04:49:17','2021-05-26 10:45:12'),(80,87,'2020-11-26 18:15:34','2021-05-26 10:45:12'),(81,51,'2020-09-08 21:29:38','2021-05-26 10:45:12'),(82,91,'2020-11-08 05:40:33','2021-05-26 10:45:12'),(83,3,'2020-12-26 17:02:46','2021-05-26 10:45:12'),(84,42,'2021-04-24 01:27:24','2021-05-26 10:45:12'),(85,98,'2021-01-15 13:49:28','2021-05-26 10:45:12'),(86,65,'2020-06-22 14:49:46','2021-05-26 10:45:12'),(87,29,'2020-09-05 06:34:25','2021-05-26 10:45:12'),(88,49,'2020-10-31 17:30:10','2021-05-26 10:45:12'),(89,58,'2020-11-20 04:33:51','2021-05-26 10:45:12'),(90,44,'2021-01-16 19:48:54','2021-05-26 10:45:12'),(91,46,'2020-12-23 06:06:04','2021-05-26 10:45:12'),(92,95,'2021-02-01 13:26:29','2021-05-26 10:45:12'),(93,38,'2020-10-17 08:06:17','2021-05-26 10:45:12'),(94,3,'2021-02-16 20:33:18','2021-05-26 10:45:12'),(95,3,'2020-06-01 04:44:14','2021-05-26 10:45:12'),(96,3,'2021-01-14 08:20:28','2021-05-26 10:45:12'),(97,7,'2021-02-19 17:14:59','2021-05-26 10:45:12'),(98,27,'2020-07-04 17:24:52','2021-05-26 10:45:12'),(99,11,'2020-08-22 05:21:01','2021-05-26 10:45:12'),(100,74,'2020-07-26 12:45:16','2021-05-26 10:45:12');
/*!40000 ALTER TABLE `orders_goods` ENABLE KEYS */;
UNLOCK TABLES;

--
-- Table structure for table `profiles`
--

DROP TABLE IF EXISTS `profiles`;
/*!40101 SET @saved_cs_client     = @@character_set_client */;
/*!50503 SET character_set_client = utf8mb4 */;
CREATE TABLE `profiles` (
  `user_id` int unsigned NOT NULL COMMENT 'Ссылка на пользователя',
  `gender` enum('M','F') CHARACTER SET utf8mb4 COLLATE utf8mb4_unicode_ci DEFAULT NULL COMMENT 'Пол',
  `birthday` date DEFAULT NULL COMMENT 'Дата рождения',
  `city_id` int unsigned DEFAULT NULL COMMENT 'Ссылка на город проживания',
  `created_at` datetime DEFAULT CURRENT_TIMESTAMP COMMENT 'Время создания строки',
  `updated_at` datetime DEFAULT CURRENT_TIMESTAMP ON UPDATE CURRENT_TIMESTAMP COMMENT 'Время обновления строки',
  PRIMARY KEY (`user_id`),
  KEY `profiles_city_id_fk` (`city_id`),
  CONSTRAINT `profiles_city_id_fk` FOREIGN KEY (`city_id`) REFERENCES `cities` (`id`) ON DELETE SET NULL,
  CONSTRAINT `profiles_user_id_fk` FOREIGN KEY (`user_id`) REFERENCES `users` (`id`) ON DELETE CASCADE
) ENGINE=InnoDB DEFAULT CHARSET=utf8mb4 COLLATE=utf8mb4_unicode_ci COMMENT='Профили пользователей';
/*!40101 SET character_set_client = @saved_cs_client */;

--
-- Dumping data for table `profiles`
--

LOCK TABLES `profiles` WRITE;
/*!40000 ALTER TABLE `profiles` DISABLE KEYS */;
INSERT INTO `profiles` VALUES (1,'F','2008-04-08',35,'2018-09-11 03:29:08','2021-05-26 10:47:01'),(2,'M','1977-03-24',53,'2019-01-25 19:25:49','2021-05-26 10:47:01'),(3,'M','1950-04-09',59,'2019-07-07 14:00:05','2021-05-26 10:47:01'),(4,'F','2007-09-17',34,'2021-03-19 10:14:38','2021-05-26 10:47:01'),(5,'F','1945-02-06',95,'2012-05-24 12:45:51','2021-05-26 10:47:01'),(6,'M','1979-08-29',70,'2011-06-30 22:22:21','2021-05-26 10:47:01'),(7,'F','2017-05-13',66,'2019-09-10 14:25:27','2021-05-26 10:47:01'),(8,'M','1931-11-15',19,'2011-09-03 01:33:17','2021-05-26 10:47:01'),(9,'F','1987-01-03',95,'2015-02-15 07:04:15','2021-05-26 10:47:01'),(10,'F','2002-10-08',20,'2015-06-04 17:46:46','2021-05-26 10:47:01'),(11,'F','1972-09-25',14,'2011-12-11 07:13:21','2021-05-26 10:47:01'),(12,'M','2020-01-12',9,'2018-01-20 21:52:44','2021-05-26 10:47:01'),(13,'F','1987-03-20',1,'2017-05-10 20:13:48','2021-05-26 10:47:01'),(14,'M','1999-06-22',78,'2013-01-25 04:53:19','2021-05-26 10:47:01'),(15,'F','1966-05-10',88,'2012-07-29 02:36:43','2021-05-26 10:47:01'),(16,'F','1944-06-07',6,'2019-03-05 15:18:04','2021-05-26 10:47:01'),(17,'F','1998-05-31',63,'2018-05-30 23:48:46','2021-05-26 10:47:01'),(18,'F','1929-06-17',96,'2014-12-20 14:55:28','2021-05-26 10:47:01'),(19,'F','1960-05-26',93,'2017-11-24 21:19:50','2021-05-26 10:47:01'),(20,'F','2012-06-01',76,'2020-10-26 10:07:02','2021-05-26 10:47:01'),(21,'F','1953-08-07',100,'2016-05-24 13:33:18','2021-05-26 10:47:01'),(22,'F','1982-02-01',70,'2016-03-29 02:57:21','2021-05-26 10:47:01'),(23,'M','1978-09-26',51,'2013-06-08 19:08:43','2021-05-26 10:47:01'),(24,'M','1931-07-08',45,'2016-10-18 17:23:23','2021-05-26 10:47:01'),(25,'M','1962-01-16',71,'2012-09-03 20:58:04','2021-05-26 10:47:01'),(26,'F','2010-01-10',18,'2015-07-11 06:28:51','2021-05-26 10:47:01'),(27,'F','1952-11-05',79,'2017-12-20 23:56:33','2021-05-26 10:47:01'),(28,'F','1955-09-19',38,'2020-04-02 06:28:28','2021-05-26 10:47:01'),(29,'F','1936-11-03',53,'2011-12-07 22:07:19','2021-05-26 10:47:01'),(30,'F','1949-09-30',52,'2014-05-06 17:40:07','2021-05-26 10:47:01'),(31,'F','1956-10-16',98,'2014-08-18 00:41:15','2021-05-26 10:47:01'),(32,'F','1937-04-27',36,'2019-08-06 16:57:40','2021-05-26 10:47:01'),(33,'F','2018-06-18',83,'2011-10-29 05:21:01','2021-05-26 10:47:01'),(34,'F','1973-04-08',7,'2017-11-04 12:44:20','2021-05-26 10:47:01'),(35,'F','1960-05-25',88,'2012-02-03 12:21:40','2021-05-26 10:47:01'),(36,'M','1989-04-18',15,'2016-06-14 20:54:57','2021-05-26 10:47:01'),(37,'F','2008-12-22',13,'2020-03-12 19:23:07','2021-05-26 10:47:01'),(38,'F','1936-10-08',19,'2018-07-03 09:59:15','2021-05-26 10:47:01'),(39,'M','1990-04-24',54,'2016-11-19 02:02:14','2021-05-26 10:47:01'),(40,'F','1994-04-02',15,'2013-04-30 00:28:52','2021-05-26 10:47:01'),(41,'F','1984-05-01',10,'2018-12-06 03:37:15','2021-05-26 10:47:01'),(42,'M','1924-02-29',7,'2021-04-08 16:36:08','2021-05-26 10:47:01'),(43,'F','1938-06-24',3,'2017-09-06 19:22:50','2021-05-26 10:47:01'),(44,'M','2006-08-12',93,'2019-11-17 12:11:29','2021-05-26 10:47:01'),(45,'F','2004-03-31',55,'2014-11-19 01:53:18','2021-05-26 10:47:01'),(46,'M','1983-12-27',96,'2021-04-07 09:08:18','2021-05-26 10:47:01'),(47,'F','1955-05-28',13,'2019-01-12 05:55:49','2021-05-26 10:47:01'),(48,'M','1931-02-24',78,'2016-10-16 07:16:53','2021-05-26 10:47:01'),(49,'F','1976-06-16',49,'2015-12-25 05:04:27','2017-01-04 23:54:41'),(50,'M','1986-11-14',12,'2015-08-09 04:07:36','2021-05-26 10:47:01'),(51,'F','2013-12-30',10,'2014-04-22 08:34:11','2021-05-26 10:47:01'),(52,'F','1968-10-07',15,'2012-04-17 04:21:04','2021-05-26 10:47:01'),(53,'F','1943-09-16',46,'2013-01-17 17:28:08','2021-05-26 10:47:01'),(54,'F','2017-09-06',83,'2017-04-07 12:50:19','2021-05-26 10:47:01'),(55,'F','2004-04-24',79,'2015-05-09 05:57:30','2021-05-26 10:47:01'),(56,'M','1925-12-19',43,'2011-09-26 04:04:31','2021-05-26 10:47:01'),(57,'M','2015-09-28',78,'2019-02-24 01:05:23','2021-05-26 10:47:01'),(58,'M','1949-04-30',62,'2018-08-04 19:52:09','2021-05-26 10:47:01'),(59,'F','1975-09-13',76,'2015-10-24 23:46:17','2021-05-26 10:47:01'),(60,'M','1980-06-01',91,'2019-10-02 11:02:58','2021-05-26 10:47:01'),(61,'M','2005-07-16',27,'2015-10-03 22:02:01','2021-05-26 10:47:01'),(62,'M','1957-06-22',61,'2018-10-12 01:22:10','2021-05-26 10:47:01'),(63,'M','2002-04-20',24,'2015-06-28 16:33:32','2021-05-26 10:47:01'),(64,'F','1953-08-07',39,'2012-07-30 21:44:53','2021-05-26 10:47:01'),(65,'M','1941-08-14',19,'2017-01-18 04:37:11','2021-05-26 10:47:01'),(66,'M','2011-04-20',81,'2012-01-20 11:40:16','2021-05-26 10:47:01'),(67,'F','1933-03-29',45,'2013-01-09 05:00:30','2021-05-26 10:47:01'),(68,'F','2020-08-23',83,'2014-07-25 05:56:34','2021-05-26 10:47:01'),(69,'F','1961-07-01',81,'2015-05-26 16:33:16','2021-05-26 10:47:01'),(70,'M','1958-12-01',53,'2020-11-12 09:50:42','2021-05-26 10:47:01'),(71,'M','1973-05-12',22,'2015-06-22 05:53:54','2021-05-26 10:47:01'),(72,'F','1935-09-17',51,'2015-12-01 22:01:39','2021-05-26 10:47:01'),(73,'M','1970-11-27',88,'2017-06-26 16:30:35','2021-05-26 10:47:01'),(74,'F','1989-12-18',86,'2020-04-05 13:30:42','2021-05-26 10:47:01'),(75,'M','1950-06-18',68,'2016-07-08 02:20:52','2021-05-26 10:47:01'),(76,'F','1942-01-05',80,'2018-06-27 10:37:02','2021-05-26 10:47:01'),(77,'M','1924-04-10',96,'2014-07-11 16:07:35','2021-05-26 10:47:01'),(78,'F','1990-06-29',38,'2014-03-28 10:05:08','2021-05-26 10:47:01'),(79,'F','1988-05-23',100,'2018-04-14 13:16:50','2021-05-26 10:47:01'),(80,'M','2000-01-12',88,'2014-08-08 22:32:50','2021-05-26 10:47:01'),(81,'F','1955-11-09',40,'2014-11-26 00:15:34','2021-05-26 10:47:01'),(82,'F','1959-09-29',34,'2019-07-06 11:00:57','2021-05-26 10:47:01'),(83,'M','1961-09-15',50,'2020-01-02 04:59:21','2021-05-26 10:47:01'),(84,'M','1930-02-18',47,'2015-02-19 16:59:46','2021-05-26 10:47:01'),(85,'M','1988-05-04',84,'2014-04-07 07:41:42','2021-05-26 10:47:01'),(86,'M','1925-07-27',78,'2017-08-25 13:16:34','2021-05-26 10:47:01'),(87,'M','1926-07-30',38,'2011-09-04 14:57:58','2021-05-26 10:47:01'),(88,'M','1985-01-19',54,'2020-08-16 15:11:07','2021-05-26 10:47:01'),(89,'M','1970-06-20',55,'2013-07-17 14:36:43','2021-05-26 10:47:01'),(90,'M','1960-03-26',15,'2016-10-23 08:00:43','2021-05-26 10:47:01'),(91,'F','1976-02-20',10,'2012-07-23 20:40:51','2021-05-26 10:47:01'),(92,'F','1944-01-17',5,'2013-08-10 18:33:22','2021-05-26 10:47:01'),(93,'F','1965-03-11',93,'2012-02-10 13:29:09','2020-02-03 11:45:33'),(94,'F','1969-10-30',49,'2013-07-19 06:29:25','2021-05-26 10:47:01'),(95,'F','1970-12-14',66,'2020-04-18 23:10:30','2021-05-26 10:47:01'),(96,'F','1974-05-26',82,'2012-05-21 16:23:38','2021-05-26 10:47:01'),(97,'M','1958-09-10',11,'2019-12-31 22:34:57','2021-05-26 10:47:01'),(98,'M','1926-03-26',10,'2021-01-28 23:27:42','2021-05-26 10:47:01'),(99,'M','2001-08-11',17,'2016-10-29 15:33:34','2021-05-26 10:47:01'),(100,'F','1961-04-09',52,'2012-03-15 07:48:03','2021-05-26 10:47:01');
/*!40000 ALTER TABLE `profiles` ENABLE KEYS */;
UNLOCK TABLES;

--
-- Temporary view structure for view `top_goods`
--

DROP TABLE IF EXISTS `top_goods`;
/*!50001 DROP VIEW IF EXISTS `top_goods`*/;
SET @saved_cs_client     = @@character_set_client;
/*!50503 SET character_set_client = utf8mb4 */;
/*!50001 CREATE VIEW `top_goods` AS SELECT 
 1 AS `Name`,
 1 AS `Sum_sale`*/;
SET character_set_client = @saved_cs_client;

--
-- Table structure for table `users`
--

DROP TABLE IF EXISTS `users`;
/*!40101 SET @saved_cs_client     = @@character_set_client */;
/*!50503 SET character_set_client = utf8mb4 */;
CREATE TABLE `users` (
  `id` int unsigned NOT NULL AUTO_INCREMENT COMMENT 'Идентификатор строки',
  `first_name` varchar(100) CHARACTER SET utf8mb4 COLLATE utf8mb4_unicode_ci NOT NULL COMMENT 'Имя пользователя',
  `last_name` varchar(100) CHARACTER SET utf8mb4 COLLATE utf8mb4_unicode_ci NOT NULL COMMENT 'Фамилия пользователя',
  `company_id` int unsigned DEFAULT NULL COMMENT 'Ссылка на компанию пользователя',
  `email` varchar(100) CHARACTER SET utf8mb4 COLLATE utf8mb4_unicode_ci NOT NULL COMMENT 'Почта',
  `phone` varchar(100) CHARACTER SET utf8mb4 COLLATE utf8mb4_unicode_ci NOT NULL COMMENT 'Телефон',
  `created_at` datetime DEFAULT CURRENT_TIMESTAMP COMMENT 'Время создания строки',
  `updated_at` datetime DEFAULT CURRENT_TIMESTAMP ON UPDATE CURRENT_TIMESTAMP COMMENT 'Время обновления строки',
  PRIMARY KEY (`id`),
  UNIQUE KEY `email` (`email`),
  UNIQUE KEY `phone` (`phone`),
  KEY `users_company_id_fk` (`company_id`),
  CONSTRAINT `users_company_id_fk` FOREIGN KEY (`company_id`) REFERENCES `companies` (`id`) ON DELETE SET NULL
) ENGINE=InnoDB AUTO_INCREMENT=101 DEFAULT CHARSET=utf8mb4 COLLATE=utf8mb4_unicode_ci COMMENT='Пользователи';
/*!40101 SET character_set_client = @saved_cs_client */;

--
-- Dumping data for table `users`
--

LOCK TABLES `users` WRITE;
/*!40000 ALTER TABLE `users` DISABLE KEYS */;
INSERT INTO `users` VALUES (1,'Rhianna','McLaughlin',1,'kaylin.dicki@example.com','414.199.4635x3986','2012-10-29 10:58:52','2021-05-27 09:38:30'),(2,'Tianna','Kessler',1,'batz.gwen@example.com','1-849-398-0079','2020-09-03 18:09:35','2021-05-27 09:38:30'),(3,'Isaiah','Ferry',1,'lang.celestine@example.org','1-910-962-3549x351','2017-09-03 03:02:21','2021-05-27 09:38:30'),(4,'Elian','Gaylord',1,'malika.lesch@example.com','056.817.0100x7750','2013-01-24 08:30:31','2021-05-27 09:38:30'),(5,'Brisa','Fritsch',1,'heathcote.isabel@example.com','(125)342-8097x440','2019-12-11 13:02:25','2021-05-27 09:38:30'),(6,'Baby','Murazik',1,'aosinski@example.net','1-251-158-3761x99779','2017-01-16 07:28:03','2021-05-27 09:38:55'),(7,'Laurence','Gaylord',1,'aileen15@example.org','+70(1)2831049076','2013-10-03 10:11:05','2021-05-27 09:38:55'),(8,'Hazel','Koepp',1,'adrienne.howell@example.net','034-866-6349','2018-04-26 18:05:42','2021-05-27 09:38:55'),(9,'Austen','Spinka',1,'erwin25@example.net','(721)384-7865','2018-04-20 12:14:00','2021-05-27 09:38:55'),(10,'Daniella','Mayer',1,'luna97@example.com','202-092-6105','2017-09-03 06:33:12','2021-05-27 09:38:55'),(11,'Rebeka','Donnelly',63,'kane02@example.org','137.197.0442x24378','2020-05-05 01:29:59','2021-05-26 10:29:16'),(12,'Patsy','Littel',37,'green.reilly@example.net','926-809-9056x99460','2020-09-22 21:42:34','2021-05-26 10:29:16'),(13,'Issac','Ward',95,'llangworth@example.org','225.824.6962','2014-08-18 09:10:06','2021-05-26 10:29:16'),(14,'Mittie','Kautzer',62,'twiegand@example.org','270-585-9178','2017-12-02 00:31:11','2021-05-26 10:29:16'),(15,'Nola','Feil',25,'marjolaine.anderson@example.com','1-668-662-3439','2014-12-19 10:21:24','2021-05-26 10:29:16'),(16,'Anderson','Hilll',38,'hickle.susana@example.com','(133)488-7759x32657','2017-04-20 23:32:09','2021-05-26 10:29:16'),(17,'Bianka','Emard',16,'vena86@example.com','(484)331-7423x6928','2021-03-09 06:08:58','2021-05-26 10:29:16'),(18,'Pink','Stracke',67,'jcorkery@example.org','(088)900-8133','2021-05-24 19:04:25','2021-05-26 10:29:16'),(19,'Angela','McDermott',83,'jweimann@example.org','071.639.7445x43790','2019-04-13 13:04:42','2021-05-26 10:29:16'),(20,'Jacynthe','Jacobs',14,'waldo.krajcik@example.net','827.378.2356x682','2018-10-06 16:43:23','2021-05-26 10:29:16'),(21,'Joelle','Kiehn',22,'ztremblay@example.net','07170791502','2015-09-17 02:52:11','2021-05-26 10:29:16'),(22,'Kayden','Hudson',66,'cora63@example.com','925.996.0295x42983','2015-11-02 18:47:45','2021-05-26 10:29:16'),(23,'Gonzalo','Kuhlman',66,'mariam.turcotte@example.net','(438)921-7249','2015-02-03 19:20:04','2021-05-26 10:29:16'),(24,'Sylvan','Barrows',30,'hessel.alec@example.com','06628038668','2018-11-19 14:18:56','2021-05-26 10:29:16'),(25,'Beverly','Hammes',50,'hazel.raynor@example.com','(344)385-8418','2021-05-25 23:30:52','2021-05-26 10:29:16'),(26,'Joaquin','Doyle',61,'viola86@example.org','1-235-813-5473x48369','2019-05-13 06:51:40','2021-05-26 10:29:16'),(27,'Angelo','Denesik',52,'asawayn@example.org','03789810497','2019-11-28 10:51:38','2021-05-26 10:29:16'),(28,'Daphney','Sauer',79,'felipe.carter@example.org','048.526.5123x4038','2021-05-12 09:23:57','2021-05-26 10:29:16'),(29,'Adrian','Von',39,'eunice.block@example.net','277.145.8466','2016-08-30 01:33:58','2021-05-26 10:29:16'),(30,'Lucinda','Eichmann',58,'rachel.collier@example.com','(936)559-8631x77908','2013-03-16 09:30:08','2021-05-26 10:29:16'),(31,'Dorcas','Kovacek',72,'lebsack.nina@example.org','03810533601','2021-05-02 11:35:00','2021-05-26 10:29:16'),(32,'Shaylee','Oberbrunner',86,'alana48@example.org','972.437.4339','2020-01-22 07:59:20','2021-05-26 10:29:16'),(33,'Alexandrine','Schultz',15,'kaylie.veum@example.net','785-503-6458x308','2017-02-09 17:43:59','2021-05-26 10:29:16'),(34,'Tristian','Kihn',14,'prodriguez@example.net','(871)628-4816','2011-12-27 20:24:12','2021-05-26 10:29:16'),(35,'Drew','Bosco',24,'klein.watson@example.com','+32(3)7263724322','2020-10-31 13:08:33','2021-05-26 10:29:16'),(36,'Una','Balistreri',78,'will.mavis@example.com','852.446.2599','2020-01-09 05:38:12','2021-05-26 10:29:16'),(37,'Arch','O\'Keefe',19,'bauch.aron@example.net','1-291-022-1811x139','2017-04-15 10:57:58','2021-05-26 10:29:16'),(38,'Christophe','Murazik',59,'jared78@example.org','336-555-9913','2017-04-20 02:53:24','2021-05-26 10:29:16'),(39,'Claudine','Schinner',36,'harvey.jasmin@example.org','597.276.9551x96276','2015-05-27 14:59:59','2021-05-26 10:29:16'),(40,'Fatima','Schaden',5,'cody70@example.com','469.096.7866x579','2015-04-21 05:20:42','2021-05-26 10:29:16'),(41,'Scotty','Wilkinson',14,'stroman.torrey@example.org','(702)681-4638x789','2011-09-01 18:50:27','2021-05-26 10:29:16'),(42,'Mikayla','Kris',56,'cory.hudson@example.com','06605542523','2020-01-08 03:33:28','2021-05-26 10:29:16'),(43,'Jerry','Nolan',37,'alex64@example.org','+53(6)4243165285','2016-05-10 05:51:30','2021-05-26 10:29:16'),(44,'Kyle','Jacobi',17,'adelbert.ebert@example.com','+16(6)2704616527','2016-08-03 11:21:42','2021-05-26 10:29:16'),(45,'Laisha','Kautzer',75,'qprice@example.com','832.860.8284x145','2021-04-27 18:04:51','2021-05-26 10:29:16'),(46,'Jonathon','Schimmel',20,'gladys90@example.org','515.125.8855x307','2014-10-15 19:55:24','2021-05-26 10:29:16'),(47,'Carmella','Wilderman',78,'omonahan@example.org','1-845-541-2406','2012-12-04 23:03:21','2021-05-26 10:29:16'),(48,'Lon','Macejkovic',29,'abigail31@example.org','03033125695','2012-02-10 17:06:05','2021-05-26 10:29:16'),(49,'Libbie','Gutmann',10,'kathleen04@example.org','954-008-0863','2017-12-30 15:43:45','2021-05-26 10:29:16'),(50,'Ardith','Fritsch',65,'serena71@example.org','353-933-0085x9902','2019-08-12 16:38:40','2021-05-26 10:29:16'),(51,'Aiyana','Mueller',91,'dandre.watsica@example.net','251-065-2942','2013-10-03 02:01:52','2021-05-26 10:29:16'),(52,'Daryl','Brekke',60,'freddy18@example.net','341-452-1631x5606','2019-05-24 04:45:07','2021-05-26 10:29:16'),(53,'Toney','Hammes',26,'amiya14@example.net','605.802.6680x377','2016-07-02 10:04:12','2021-05-26 10:29:16'),(54,'Mallie','Rippin',51,'tremblay.jimmy@example.org','699-858-4324x37124','2018-12-31 15:46:48','2021-05-26 10:29:16'),(55,'Brody','Bahringer',76,'kali.bartell@example.com','(582)544-3438x59214','2020-03-22 23:11:16','2021-05-26 10:29:16'),(56,'Mertie','Von',25,'bterry@example.org','09240975240','2017-11-04 03:44:07','2021-05-26 10:29:16'),(57,'Johnpaul','Schiller',96,'iva52@example.com','1-529-013-1631','2014-11-02 22:30:06','2021-05-26 10:29:16'),(58,'Charley','Koelpin',7,'herta32@example.net','1-833-319-9812','2016-01-17 11:41:19','2021-05-26 10:29:16'),(59,'Stanley','Hermann',45,'ikuhn@example.net','1-390-904-6519x0123','2014-12-24 01:29:09','2021-05-26 10:29:16'),(60,'Alia','Hoppe',5,'mauricio40@example.org','06347655501','2021-05-20 16:39:34','2021-05-26 10:29:16'),(61,'Precious','Mayert',88,'fay.abbey@example.net','1-545-772-1749','2017-04-20 09:07:13','2021-05-26 10:29:16'),(62,'Ahmed','Lubowitz',23,'madisyn.koepp@example.org','(655)046-3844','2019-06-22 02:06:49','2021-05-26 10:29:16'),(63,'Alayna','Jacobson',52,'oo\'connell@example.org','714-424-0256x4854','2017-06-13 16:39:52','2021-05-26 10:29:16'),(64,'Rebeka','Cormier',89,'yrobel@example.com','457.276.0877','2021-04-02 06:09:27','2021-05-26 10:29:16'),(65,'Yasmin','Labadie',91,'camila73@example.org','+97(4)2452437088','2018-01-10 13:36:15','2021-05-26 10:29:16'),(66,'Kaleb','Marks',87,'cartwright.maryam@example.org','184-337-2254','2018-03-12 20:54:46','2021-05-26 10:29:16'),(67,'Celine','Huel',62,'schinner.webster@example.com','1-916-472-7989','2014-10-01 08:46:02','2021-05-26 10:29:16'),(68,'Gracie','Nikolaus',47,'monroe80@example.com','606-213-7136x097','2016-04-11 18:41:11','2021-05-26 10:29:16'),(69,'Theresia','Kirlin',49,'linnie.ondricka@example.org','1-452-157-3794x514','2012-03-13 04:57:26','2021-05-26 10:29:16'),(70,'Garrett','Carter',2,'hudson.maxime@example.org','(021)487-7728x926','2019-08-26 20:43:40','2021-05-26 10:29:16'),(71,'Delphia','Fritsch',63,'dwight.morissette@example.org','654-803-3029x9586','2012-06-26 03:39:38','2021-05-26 10:29:16'),(72,'Wellington','Swift',9,'pwiegand@example.net','149-787-1935x346','2011-09-19 12:02:33','2021-05-26 10:29:16'),(73,'Jaime','Ruecker',55,'colby.olson@example.net','1-713-533-1829','2013-06-06 09:59:55','2021-05-26 10:29:16'),(74,'Claire','Stanton',48,'rempel.ashlynn@example.org','(614)729-3161','2013-09-14 01:00:35','2021-05-26 10:29:16'),(75,'Donnell','Brakus',74,'plang@example.org','307-003-5477','2019-04-18 02:30:19','2021-05-26 10:29:16'),(76,'Arnulfo','Hayes',24,'kohler.davin@example.com','434.453.9911x23746','2014-03-10 04:27:22','2021-05-26 10:29:16'),(77,'Arianna','Schoen',97,'rhianna.mccullough@example.com','487-734-5843x03594','2019-11-24 12:55:30','2021-05-26 10:29:16'),(78,'Wiley','Abbott',14,'madison.marks@example.org','534.087.3549','2020-12-13 18:03:16','2021-05-26 10:29:16'),(79,'Ivah','Shields',78,'elvera.runolfsson@example.net','210-622-6361x62257','2020-07-29 08:17:58','2021-05-26 10:29:16'),(80,'Bo','Reichert',47,'wendell.wilkinson@example.com','912.088.9001x840','2019-06-16 01:05:31','2021-05-26 10:29:16'),(81,'Efren','Roob',100,'lenny15@example.org','03410048185','2019-01-05 19:46:39','2021-05-26 10:29:16'),(82,'Mustafa','Deckow',58,'rozella96@example.com','102-493-9128','2016-01-05 11:24:56','2021-05-26 10:29:16'),(83,'Vito','Terry',88,'dorian17@example.org','910-775-7001','2020-04-04 14:11:51','2021-05-26 10:29:16'),(84,'Jennie','Jacobi',69,'retta99@example.net','(820)589-9508','2014-06-13 04:26:38','2021-05-26 10:29:16'),(85,'Idell','Kreiger',79,'winona.moen@example.org','(215)515-1157x53779','2020-01-06 10:50:11','2021-05-26 10:29:16'),(86,'Keaton','Runolfsdottir',89,'dorothy60@example.org','1-080-484-8902x92735','2018-05-03 13:18:22','2021-05-26 10:29:16'),(87,'Julio','Stokes',8,'mavis89@example.net','(495)241-1500','2017-05-26 06:58:27','2021-05-26 10:29:16'),(88,'Matilda','Walsh',73,'nyah.fritsch@example.net','1-311-033-8056x710','2020-11-03 00:03:40','2021-05-26 10:29:16'),(89,'Melisa','O\'Reilly',38,'josiane.stracke@example.com','663.097.2265x99022','2014-07-03 16:38:41','2021-05-26 10:29:16'),(90,'Chelsea','Hegmann',70,'xheathcote@example.com','1-415-857-2714x83985','2020-08-05 05:29:39','2021-05-26 10:29:16'),(91,'Coleman','Kulas',38,'florida19@example.org','142.565.9951','2016-01-14 16:06:21','2021-05-26 10:29:16'),(92,'Noemy','Monahan',80,'herzog.laverna@example.net','217-988-4562x101','2018-05-16 20:50:33','2021-05-26 10:29:16'),(93,'Bart','Boyle',83,'lavada25@example.org','144-903-9034','2016-11-19 12:07:59','2021-05-26 10:29:16'),(94,'Jackeline','Braun',76,'hegmann.sarah@example.net','05006162312','2016-01-30 17:43:44','2021-05-26 10:29:16'),(95,'Isabell','Gerlach',31,'kertzmann.anastasia@example.net','828-938-7344x34124','2019-02-01 12:56:09','2021-05-26 10:29:16'),(96,'Arvid','Cruickshank',27,'schuppe.antonetta@example.org','962-329-6867x9744','2014-02-11 23:17:15','2021-05-26 10:29:16'),(97,'Yasmeen','Toy',42,'larissa92@example.com','1-234-318-5041','2011-09-25 16:59:01','2021-05-26 10:29:16'),(98,'Kaela','Purdy',28,'mann.lonzo@example.com','383.231.4786','2018-11-22 06:27:41','2021-05-26 10:29:16'),(99,'Marta','Funk',12,'kuhic.alda@example.org','1-616-364-5622x5697','2019-05-01 17:37:27','2021-05-26 10:29:16'),(100,'Zoie','Nicolas',78,'athena89@example.com','(169)706-9814x7473','2013-09-12 10:48:05','2021-05-26 10:29:16');
/*!40000 ALTER TABLE `users` ENABLE KEYS */;
UNLOCK TABLES;

--
-- Final view structure for view `company_info`
--

/*!50001 DROP VIEW IF EXISTS `company_info`*/;
/*!50001 SET @saved_cs_client          = @@character_set_client */;
/*!50001 SET @saved_cs_results         = @@character_set_results */;
/*!50001 SET @saved_col_connection     = @@collation_connection */;
/*!50001 SET character_set_client      = utf8mb4 */;
/*!50001 SET character_set_results     = utf8mb4 */;
/*!50001 SET collation_connection      = utf8mb4_0900_ai_ci */;
/*!50001 CREATE ALGORITHM=UNDEFINED */
/*!50013 DEFINER=`root`@`localhost` SQL SECURITY DEFINER */
/*!50001 VIEW `company_info` AS select `companies`.`name` AS `Company`,`business_types`.`name` AS `Business_type`,`countries`.`name` AS `Country`,`cities`.`name` AS `City`,`company_profiles`.`email` AS `email`,`company_profiles`.`phone` AS `phone`,`company_profiles`.`website` AS `Web` from ((((`companies` join `business_types` on((`companies`.`business_type_id` = `business_types`.`id`))) join `company_profiles` on((`company_profiles`.`company_id` = `companies`.`id`))) join `cities` on((`companies`.`city_id` = `cities`.`id`))) join `countries` on((`cities`.`country_id` = `countries`.`id`))) */;
/*!50001 SET character_set_client      = @saved_cs_client */;
/*!50001 SET character_set_results     = @saved_cs_results */;
/*!50001 SET collation_connection      = @saved_col_connection */;

--
-- Final view structure for view `top_goods`
--

/*!50001 DROP VIEW IF EXISTS `top_goods`*/;
/*!50001 SET @saved_cs_client          = @@character_set_client */;
/*!50001 SET @saved_cs_results         = @@character_set_results */;
/*!50001 SET @saved_col_connection     = @@collation_connection */;
/*!50001 SET character_set_client      = utf8mb4 */;
/*!50001 SET character_set_results     = utf8mb4 */;
/*!50001 SET collation_connection      = utf8mb4_0900_ai_ci */;
/*!50001 CREATE ALGORITHM=UNDEFINED */
/*!50013 DEFINER=`root`@`localhost` SQL SECURITY DEFINER */
/*!50001 VIEW `top_goods` AS select distinct `goods`.`name` AS `Name`,sum(`goods`.`price`) OVER (PARTITION BY `orders_goods`.`order_id` )  AS `Sum_sale` from (`goods` join `orders_goods` on((`orders_goods`.`goods_id` = `goods`.`id`))) order by `Sum_sale` desc limit 10 */;
/*!50001 SET character_set_client      = @saved_cs_client */;
/*!50001 SET character_set_results     = @saved_cs_results */;
/*!50001 SET collation_connection      = @saved_col_connection */;
/*!40103 SET TIME_ZONE=@OLD_TIME_ZONE */;

/*!40101 SET SQL_MODE=@OLD_SQL_MODE */;
/*!40014 SET FOREIGN_KEY_CHECKS=@OLD_FOREIGN_KEY_CHECKS */;
/*!40014 SET UNIQUE_CHECKS=@OLD_UNIQUE_CHECKS */;
/*!40101 SET CHARACTER_SET_CLIENT=@OLD_CHARACTER_SET_CLIENT */;
/*!40101 SET CHARACTER_SET_RESULTS=@OLD_CHARACTER_SET_RESULTS */;
/*!40101 SET COLLATION_CONNECTION=@OLD_COLLATION_CONNECTION */;
/*!40111 SET SQL_NOTES=@OLD_SQL_NOTES */;

-- Dump completed on 2021-05-28 13:38:47
